# WaveFront *.obj file (generated by CINEMA 4D)

mtllib ./printerLP.mtl

v 62.02734756469727 40.007080078125 41.47223663330078
v 99.77491760253906 -12.06010246276855 77.50436401367188
v 98.60538482666016 39.57143402099609 71.68812561035156
v 98.60538482666016 39.57183074951172 41.54087448120117
v 97.27721405029297 -12.06009864807129 79.92460632324219
v 91.58718872070312 -12.06010246276855 80
v 98.60538482666016 39.57209014892578 50.46471405029297
v 62.02872085571289 40.007080078125 50.41920852661133
v 61.61961364746094 41.41293334960938 50.79824829101562
v 83.88117980957031 -12.06010246276855 80
v 61.61946868896484 41.4249267578125 41.20143508911133
v 61.61954498291016 41.40498352050781 50.31603240966797
v 70.69908142089844 -12.06010246276855 80
v 59.70227432250977 -12.05993556976318 79.92219543457031
v 99.84275817871094 34.44647979736328 71.97773742675781
v 99.97071838378906 34.58521270751953 50.0851936340332
v 99.97312164306641 33.58660125732422 71.84820556640625
v 100 33.50460052490234 50.05263137817383
v 100 33.42075347900391 41.3859748840332
v 99.84474182128906 34.44781494140625 41.50332641601562
v 63.95502853393555 -12.05999755859375 79.97981262207031
v 60.60536956787109 26.21780014038086 80
v 61.1602783203125 33.52895355224609 80
v 59.83870315551758 -30.63910865783691 80
v 99.85786437988281 34.45658111572266 32.88080596923828
v 98.60538482666016 39.57156372070312 33.2579345703125
v 100 33.42313385009766 32.86294555664062
v 99.85729217529297 34.45619964599609 23.47674751281738
v 98.60538482666016 39.57209014892578 24.06523895263672
v 99.99942016601562 33.57497024536133 23.41225814819336
v 72.85953521728516 39.97620391845703 41.41920852661133
v 63.79611587524414 -30.6391544342041 80
v 64.37232971191406 26.08398818969727 80
v 73.28629302978516 40 50.35416030883789
v 73.32219696044922 40 71.98724365234375
v 64.33945465087891 33.61753082275391 79.99089050292969
v 64.01996612548828 39.97240447998047 41.41617584228516
v 71.27702331542969 26.08358764648438 80
v 64.22174835205078 40 50.41074752807617
v 64.35053253173828 40 72.11997985839844
v 72.67464447021484 40.23027801513672 32.72945785522461
v 64.289306640625 40.23027801513672 32.69338607788086
v 62.02659606933594 40.007080078125 33.65687942504883
v 72.69948577880859 40.22991180419922 23.42412757873535
v 72.10272979736328 41.17314147949219 24.16254043579102
v 72.12458038330078 41.14363098144531 32.06522750854492
v 65.38899993896484 41.18446350097656 32.06883239746094
v 65.37274932861328 41.18662261962891 24.19402122497559
v 64.38301086425781 40.2296142578125 23.29098701477051
v 62.02659606933594 40.007080078125 23.18062973022461
v 71.40090179443359 33.55470275878906 80
v 61.61946105957031 41.42453002929688 34.26549911499023
v 61.61946105957031 41.42306518554688 23.34098052978516
v 72.16594696044922 40.32930755615234 24.01803016662598
v 72.19717407226562 40.29766845703125 32.18992233276367
v 65.07659912109375 40.26849365234375 32.17282104492188
v 65.15065765380859 40.18663787841797 24.01490592956543
v 98.60538482666016 39.57156372070312 15.99450492858887
v 72.88066101074219 40.20687103271484 15.39490127563477
v 84.60945892333984 40.23027801513672 32.87759399414062
v 84.59724426269531 40.23027801513672 23.59619522094727
v 84.37257385253906 40.2193603515625 15.46865367889404
v 84.73387145996094 26.08338928222656 79.40493774414062
v 84.74022674560547 39.97991943359375 41.42217636108398
v 84.85142517089844 33.5516357421875 80
v 84.83320617675781 40 50.28218841552734
v 84.74828338623047 40 71.81808471679688
v 64.34369659423828 40.23027801513672 15.44399547576904
v 98.60538482666016 39.57196044921875 1.15305399894714
v 84.7279052734375 40.22785186767578 1.19662702083588
v 91.64167785644531 40.23027801513672 15.63367080688477
v 91.81461334228516 40.23027801513672 1.08557999134064
v 91.7945556640625 40.23027801513672 23.70284080505371
v 91.83293914794922 40.23027801513672 32.96813583374023
v 91.90538787841797 26.08536720275879 80
v 91.86608123779297 39.99275970458984 41.44668197631836
v 91.81167602539062 33.48482513427734 80
v 91.81946563720703 40 50.23871994018555
v 91.6600341796875 40 71.71578979492188
v 99.85796356201172 34.45664596557617 15.00496673583984
v 100 33.37374114990234 14.7547607421875
v 99.84413909912109 34.44740676879883 0.08273699879646
v 100 33.44754028320312 0.19700700044632
v 98.60538482666016 39.57183074951172 -11.35193157196045
v 93.75543975830078 40.28315734863281 -11.06472969055176
v 99.97246551513672 34.59213256835938 -11.22009658813477
v 100 33.44482421875 -11.39074039459229
v 62.02659606933594 40.007080078125 15.35902690887451
v 61.61945724487305 41.42156982421875 15.51263046264648
v 64.39753723144531 40.22373199462891 1.06817197799683
v 62.02659606933594 40.007080078125 0.75285601615906
v 61.61945724487305 41.41896057128906 1.25858497619629
v 64.47067260742188 40.33451843261719 -11.01555919647217
v 62.02659606933594 40.007080078125 -11.15407371520996
v 61.61945724487305 41.41678619384766 -11.06257152557373
v 84.83404541015625 40.32957458496094 -11.00969314575195
v 72.78186798095703 40.33249664306641 -11.01316547393799
v 72.94364166259766 40.21813201904297 1.0514349937439
v 98.39563751220703 39.48805236816406 77.19760131835938
v 99.69310760498047 34.46116638183594 77.32618713378906
v 95.99795532226562 39.29527282714844 78.720703125
v 97.64409637451172 34.464111328125 79.74064636230469
v 91.48724365234375 39.27052307128906 78.76364135742188
v 92.03144073486328 34.46843719482422 79.90458679199219
v 84.43083953857422 39.314697265625 78.64483642578125
v 84.89306640625 34.46775054931641 79.89695739746094
v 72.32135009765625 39.41294860839844 78.56289672851562
v 71.88869476318359 34.46392059326172 79.87922668457031
v 64.91571807861328 39.31551361083984 78.34884643554688
v 64.71400451660156 34.46146392822266 79.86846923828125
v 97.19631195068359 26.08550262451172 79.93801879882812
v 97.56580352783203 33.46392822265625 79.87678527832031
v 84.51760101318359 39.87657928466797 76.98291015625
v 91.65446472167969 39.86558532714844 77.03321838378906
v 72.48967742919922 39.90073394775391 76.85276794433594
v 64.76134490966797 39.90803527832031 76.79808044433594
v 99.77725219726562 -30.63915824890137 77.49456787109375
v 98.60538482666016 39.57209014892578 -28.80309867858887
v 93.54689788818359 40.27954864501953 -29.04500770568848
v 99.86203002929688 34.45759582519531 -29.01384735107422
v 100 33.45406341552734 -29.03593826293945
v 93.62333679199219 50.7637939453125 -20.24096298217773
v 93.67338562011719 50.73472595214844 -18.21486663818359
v 83.80677795410156 50.81546020507812 -18.12950706481934
v 72.89666748046875 50.79963684082031 -18.11752128601074
v 64.81436920166016 50.91543579101562 -18.21087455749512
v 83.54025268554688 50.74618530273438 -20.3913688659668
v 72.70107269287109 50.77745819091797 -20.35445213317871
v 64.53314971923828 50.79339599609375 -20.33562469482422
v 83.87169647216797 40.34237670898438 -29.2222900390625
v 73.79203033447266 40.30715179443359 -29.30756950378418
v 65.75856018066406 40.31072235107422 -29.2970142364502
v 62.56559753417969 40.16991424560547 0.82934802770615
v 62.63603973388672 40.169921875 -11.13257217407227
v 62.52993011474609 40.16991424560547 15.376633644104
v 62.69704437255859 40.16991424560547 23.20625877380371
v 62.53448486328125 40.16991424560547 33.43581771850586
v 99.77003479003906 26.08526611328125 77.52485656738281
v 62.43302917480469 40.16990661621094 41.45940780639648
v 99.80223083496094 33.5648193359375 77.38975524902344
v 62.5283088684082 40.16990661621094 50.36565399169922
v 70.42256164550781 -30.63915824890137 80
v 83.47317504882812 -30.63915824890137 80
v 91.4349365234375 -30.63915824890137 80
v 97.31591796875 -30.63915061950684 79.91819763183594
v 62.73843765258789 50.94197845458984 -18.33161735534668
v 62.8186149597168 50.11487579345703 -20.63642501831055
v 62.78479766845703 40.25852203369141 -29.24721717834473
v 62.02659606933594 40.007080078125 -29.35227966308594
v 61.61945343017578 41.41494750976562 -29.47271156311035
v 99.88309478759766 34.45845794677734 -55.25647735595703
v 98.60538482666016 39.57209014892578 -55.06421279907227
v 99.99433898925781 33.60847854614258 -55.15381622314453
v 93.12116241455078 40.23027801513672 -55.29611587524414
v 83.58957672119141 40.23027801513672 -55.39751434326172
v 73.72452545166016 40.23027801513672 -55.53415298461914
v 65.51968383789062 40.23027801513672 -55.51236343383789
v 62.02659606933594 40.007080078125 -55.40061187744141
v 31.94024467468262 26.08921051025391 80
v 61.61945724487305 41.42436218261719 -55.47696304321289
v 60.1629753112793 41.35871124267578 -55.29727554321289
v 60.05066299438477 41.40105438232422 -29.65621566772461
v 60.06391906738281 41.4134521484375 50.79341125488281
v 61.61955642700195 41.33798217773438 71.77267456054688
v 62.02719116210938 40.007080078125 72.15840148925781
v 62.68192291259766 39.88871765136719 76.95448303222656
v 62.80921936035156 39.31516265869141 78.51748657226562
v 61.04670333862305 34.47460174560547 79.88458251953125
v 32.13979721069336 33.42440032958984 80
v -45.45397186279297 26.09186172485352 80
v -48.59742736816406 26.09165382385254 80
v -45.45840072631836 33.37657928466797 80
v -48.70493698120117 33.37972259521484 80
v -97.10420227050781 26.09443664550781 79.18768310546875
v -95.91703796386719 39.31365203857422 78.14004516601562
v -97.03439331054688 34.76959228515625 79.20903015136719
v 59.70588302612305 39.31682586669922 -29.94016075134277
v 59.79907608032227 39.99976348876953 -10.93564796447754
v 59.3936767578125 27.99438285827637 -28.99467849731445
v 59.35044479370117 34.38804244995117 -10.07964420318604
v 59.38738250732422 37.77296447753906 2.06116604804993
v 59.7319221496582 40.12379455566406 1.46537101268768
v 59.78173828125 41.32080078125 -10.90703582763672
v 59.95810317993164 40.76214599609375 -30.08434677124023
v 59.766845703125 41.35681915283203 1.39821195602417
v 59.95837020874023 40.76213073730469 -55.01525497436523
v 33.90570831298828 40.64128112792969 -29.99835586547852
v 33.89706039428711 39.32643127441406 -30.00169563293457
v 32.77273941040039 40.76213073730469 -55.01351928710938
v 32.87527847290039 41.35809326171875 -55.29727554321289
v -47.03094100952148 40.72723388671875 -55.01406097412109
v -47.03358840942383 40.74980926513672 -30.15559005737305
v -47.03030014038086 41.35868072509766 -55.28509902954102
v -47.10455703735352 39.19416809082031 -30.15034103393555
v -46.98812103271484 41.27174377441406 -30.04787445068359
v 59.46384429931641 39.95451354980469 15.90539646148682
v 59.9051513671875 40.22937774658203 15.87818145751953
v 59.80408096313477 41.32759094238281 15.62734889984131
v 59.92498016357422 40.36561584472656 23.75008392333984
v 59.89982223510742 41.42137145996094 23.51615715026855
v 59.84466552734375 40.64148712158203 34.30102157592773
v 59.95869445800781 41.42159271240234 34.29824066162109
v -97.23357391357422 33.50099182128906 79.13900756835938
v -94.80442810058594 39.66744232177734 76.92428588867188
v 59.92085266113281 40.74443817138672 41.2843132019043
v 59.96486282348633 41.39035034179688 41.20905685424805
v 59.94720458984375 40.85621643066406 50.34280776977539
v 60.01332855224609 41.37659454345703 50.34502029418945
v -48.83329772949219 41.39924621582031 -55.01094055175781
v -48.8182373046875 41.42230224609375 -30.25598335266113
v -49.33707046508789 39.89118957519531 -54.95730590820312
v -49.34566879272461 39.89836120605469 -29.8184986114502
v -96.12628173828125 39.56295776367188 -54.37751007080078
v -96.33256530761719 39.52262878417969 -29.80566787719727
v 99.90670013427734 34.46587371826172 -76.10151672363281
v 98.60538482666016 39.57234954833984 -75.62632751464844
v 97.84493255615234 34.46336364746094 -79.75596618652344
v 97.28970336914062 39.75054931640625 -78.15013122558594
v 93.31098937988281 40 -75.62489318847656
v 93.53564453125 39.72017669677734 -78.41667175292969
v 92.21247100830078 34.46916580200195 -79.90557861328125
v 86.38972473144531 34.50015640258789 -79.93309020996094
v 85.25560760498047 39.73690032958984 -78.37419128417969
v 84.88028717041016 40 -75.63154602050781
v 73.79679107666016 40 -75.61033630371094
v 65.06551361083984 40 -75.64520263671875
v 62.0271110534668 40.007080078125 -75.98806762695312
v -49.10882568359375 39.86729431152344 77.19593811035156
v 61.61930465698242 41.24684906005859 -75.49433898925781
v 58.86068725585938 41.25106811523438 -75.48670959472656
v 30.64031219482422 41.19718170166016 -75.58854675292969
v 58.95908355712891 40.03185272216797 -76.06661987304688
v 30.66841697692871 40 -76.21954345703125
v 73.44631958007812 39.58291625976562 -78.25032043457031
v 65.27098846435547 39.70682525634766 -78.45057678222656
v 60.97297668457031 39.66861724853516 -78.54762268066406
v -48.7274284362793 34.65733337402344 79.98423767089844
v 57.87512969970703 39.588623046875 -78.7056884765625
v 29.66134071350098 39.50627899169922 -78.84187316894531
v -46.76922988891602 41.25060272216797 -75.48782348632812
v -48.73159790039062 41.25537109375 -75.47923278808594
v -46.67630767822266 40 -76.19517517089844
v -49.32338333129883 40 -76.26585388183594
v -47.49198532104492 39.31566619873047 -78.78437805175781
v -49.46857833862305 39.44718170166016 -78.93960571289062
v 72.59673309326172 34.56066131591797 -79.966064453125
v 64.19727325439453 34.46241760253906 -79.86933898925781
v 60.18722152709961 34.46291351318359 -79.86734008789062
v -49.04201507568359 39.31543731689453 78.45437622070312
v 56.8958740234375 34.45762634277344 -79.85942077636719
v 28.9330997467041 34.56550216674805 -79.96556091308594
v -46.35134506225586 34.56279754638672 -79.96409606933594
v -49.74729919433594 34.46128463745117 -79.86550903320312
v -96.24508666992188 39.53973388671875 -75.43011474609375
v -96.58096313476562 39.31411743164062 -78.16891479492188
v -96.28775024414062 34.52352905273438 -79.56419372558594
v -99.69878387451172 34.45779418945312 -77.5595703125
v -98.22403717041016 39.31247711181641 -76.43156433105469
v -98.52739715576172 39.31169891357422 -74.44973754882812
v -99.90457153320312 34.46514129638672 -74.16064453125
v -99.99686431884766 34.8499755859375 -54.01236724853516
v -98.55959320068359 39.31156158447266 -54.24600219726562
v -99.99529266357422 34.81874465942383 -29.0033130645752
v -98.39411163330078 39.31204223632812 -29.6929988861084
v 59.24164962768555 37.29973602294922 -50.6695671081543
v 59.11713027954102 20.53455924987793 -50.63978958129883
v 34.06612014770508 37.28610992431641 -50.6695671081543
v -46.80141830444336 37.16938018798828 -50.6695671081543
v -46.64285278320312 28.23320770263672 -28.67317199707031
v -46.1030387878418 20.49827575683594 -50.4476432800293
v 34.24807357788086 18.96201515197754 -50.6695671081543
v 30.81755447387695 40.08991241455078 41.21464157104492
v 30.93747711181641 40.23027801513672 50.46475219726562
v -45.79122543334961 34.72710418701172 79.990966796875
v 31.28352165222168 39.93755340576172 34.09676742553711
v 31.88683319091797 39.38547515869141 23.56682014465332
v 31.81062126159668 38.59808349609375 15.63054752349854
v 32.26078414916992 36.12920379638672 1.16010403633118
v 32.47235488891602 32.37413787841797 -11.79477024078369
v 33.66554641723633 24.0554141998291 -32.77923202514648
v -46.59672927856445 32.829833984375 -15.10655975341797
v -46.71215057373047 37.42618560791016 0.63549298048019
v -46.92686462402344 39.85190582275391 14.19917964935303
v -46.91753768920898 40.26240539550781 23.4825553894043
v -46.77149963378906 40.61734771728516 33.78754425048828
v -46.1635627746582 39.31539916992188 78.46919250488281
v -46.90375900268555 40.69132232666016 41.14588165283203
v -47.04768371582031 40.73369598388672 50.37209320068359
v -46.98576736450195 41.25899505615234 41.03415298461914
v -47.01983261108398 41.27274322509766 50.29683685302734
v -46.13848495483398 39.86249542236328 77.21894836425781
v -46.98576736450195 41.2591552734375 33.72340774536133
v -46.98576736450195 41.25707244873047 23.62005233764648
v -47.03800964355469 40.24675750732422 14.34875011444092
v -46.98576736450195 41.26042938232422 14.50646018981934
v -47.03405380249023 40.06858825683594 1.28354096412659
v -47.03977966308594 40.08279418945312 -14.56794929504395
v -46.98746871948242 41.25960540771484 -29.41384124755859
v -46.98696899414062 41.32450103759766 -14.45223712921143
v -46.98576736450195 41.25907135009766 1.45558297634125
v -48.84549713134766 41.41895294189453 40.92996978759766
v -99.98216247558594 26.09197998046875 73.16041564941406
v -99.97392272949219 33.53054809570312 73.090087890625
v -48.84535980224609 41.41766357421875 33.5386848449707
v -48.84440231323242 41.41558837890625 23.73941802978516
v -48.84233474731445 41.41313171386719 14.61542892456055
v -48.83877563476562 41.40928649902344 1.13131201267242
v -48.83673095703125 41.40548706054688 -14.42063331604004
v -49.35108184814453 39.90288543701172 -13.99258422851562
v -49.3563232421875 39.90686798095703 1.54800605773926
v -49.3409423828125 39.89441680908203 14.46777534484863
v -49.34007263183594 39.89369201660156 23.72233200073242
v -49.30185317993164 39.86177825927734 33.94386291503906
v -99.99771881103516 34.93408584594727 73.01052856445312
v -49.19709777832031 39.73826599121094 41.31110000610352
v -49.35634231567383 39.90687561035156 50.75002288818359
v -96.37873840332031 39.51360321044922 -12.87529373168945
v -96.30506134033203 39.52801513671875 0.49079498648643
v -96.43916320800781 39.50179290771484 13.30563926696777
v -96.566650390625 39.47687530517578 21.69968032836914
v -96.47999572753906 39.49380493164062 31.64511108398438
v -98.37619018554688 39.31208038330078 71.80439758300781
v -96.22193908691406 39.54425811767578 40.79100799560547
v -96.31818389892578 39.52544403076172 50.53253936767578
v -98.41962432861328 39.31197357177734 -12.64022445678711
v -98.42207336425781 39.31196594238281 0.71723800897598
v -98.37049865722656 39.31209564208984 13.29804515838623
v -98.35898590087891 39.3121337890625 21.57244682312012
v -98.32080841064453 39.31224060058594 31.43590545654297
v -96.51911926269531 39.48615264892578 71.79695129394531
v -98.43538665771484 39.31193542480469 40.47002792358398
v -98.39350128173828 39.31204223632812 50.38800048828125
v -99.99643707275391 34.85926818847656 40.76002502441406
v -99.99147796630859 34.73788452148438 51.13912963867188
v -49.16833877563477 39.96192932128906 72.03341674804688
v -99.99652862548828 34.86445999145508 31.7246208190918
v -99.99662017822266 34.86990356445312 21.79812240600586
v -99.99794006347656 34.94928741455078 13.44432926177979
v -99.99046325683594 34.71591567993164 0.88226598501205
v -99.99658966064453 34.86824035644531 -12.79427814483643
v -100 -30.63915824890137 40.75531005859375
v -100 -30.63915824890137 51.44422912597656
v -48.76987075805664 41.40825653076172 71.7720947265625
v -100 -30.63915824890137 34.1237678527832
v -100 -30.63915824890137 24.35867309570312
v -99.99183654785156 -30.63765144348145 17.04486083984375
v -99.92183685302734 -30.58912086486816 1.04135704040527
v -99.92229461669922 -30.58857154846191 -13.2681770324707
v -100 -30.57666206359863 -25.75992584228516
v -100 -30.6391658782959 -54.695556640625
v -100 -30.6391658782959 -72.66935729980469
v -99.84432983398438 -30.6391658782959 -77.53799438476562
v -96.85362243652344 -30.6391658782959 -79.5203857421875
v -51.0350227355957 -30.92085075378418 -80
v -46.23534774780273 -31.15525245666504 -80
v -96.37318420410156 26.08517074584961 -79.59910583496094
v -49.88722610473633 26.08484077453613 -80
v -46.38605880737305 26.08521270751953 -80
v -99.81443786621094 26.08522415161133 -77.61592102050781
v -100 26.08502006530762 -73.97227478027344
v -100 26.08509826660156 -54.10562515258789
v -100 26.08838844299316 -28.5158863067627
v -100 26.08553123474121 -12.89005279541016
v -100 26.08551597595215 1.0354950428009
v -100 26.08553504943848 13.96357345581055
v -100 26.08589935302734 22.13639640808105
v -100 26.0859375 32.04165649414062
v -46.13268661499023 39.89694976806641 71.96803283691406
v -100 26.08615875244141 40.55264663696289
v -100 26.08619499206543 51.17918395996094
v 28.83058547973633 26.08553504943848 -80
v 56.00487899780273 26.08430862426758 -80
v -46.18747329711914 41.42290496826172 71.77169799804688
v 59.65105819702148 26.08405113220215 -80
v 63.94082260131836 26.08416175842285 -80
v 72.40996551513672 26.08419036865234 -80
v 87.32624816894531 26.0838794708252 -80
v 92.28166198730469 26.08506202697754 -80
v 98.00742340087891 26.08496284484863 -79.8372802734375
v 92.22209167480469 33.44418716430664 -80
v 97.91766357421875 33.44213104248047 -79.85401916503906
v 86.50636291503906 33.43544769287109 -80
v 72.57363891601562 33.49151611328125 -80
v 64.16588592529297 33.41826629638672 -80
v 60.12139129638672 33.4150390625 -80
v -48.81768417358398 41.41228485107422 50.36615753173828
v 56.78493499755859 33.42112350463867 -80
v 28.91964149475098 33.48107528686523 -80
v -46.35557556152344 33.5174560546875 -80
v -49.76528549194336 33.43414306640625 -80
v -96.30978393554688 33.46653747558594 -79.60935974121094
v -99.81049346923828 33.4460334777832 -77.62623596191406
v -100 33.43846893310547 -74.14018249511719
v -100 33.47387313842773 -54.03033065795898
v -100 33.54702377319336 -28.69919395446777
v -100 33.49726104736328 -12.84140968322754
v -100 33.49396514892578 1.03473997116089
v -100 33.49771881103516 13.56700229644775
v -100 33.50963592529297 21.8502025604248
v -100 33.50924301147461 31.77351760864258
v -47.05444717407227 41.42872619628906 50.86276245117188
v -100 33.51474761962891 40.52737808227539
v -100 33.51611328125 51.14440155029297
v 100 33.46471405029297 -75.80422973632812
v 100 26.08435249328613 -75.98602294921875
v 100 26.08215141296387 -55.4481315612793
v 93.12410736083984 -30.6391658782959 -80
v 87.36183166503906 -30.6391658782959 -79.99496459960938
v 97.90616607666016 -30.6391658782959 -79.85617065429688
v 100 -30.6391658782959 -76.20701599121094
v 100 -30.63915824890137 -57.78788375854492
v 100 26.08251953125 -28.78668785095215
v 99.99028015136719 -30.63750267028809 -25.58699035644531
v 100 26.0836296081543 -11.41872787475586
v 100 26.08348083496094 0.25173801183701
v 100 26.08329391479492 15.07252788543701
v 99.93990325927734 -30.63701820373535 16.77212142944336
v 99.94190216064453 -30.60722923278809 1.40317595005035
v 99.94334411621094 -30.60444831848145 -10.77311038970947
v 99.99998474121094 -37.10015869140625 -26.00819969177246
v 100 -37.09965515136719 -57.90985870361328
v 100 -37.09975433349609 -76.29351806640625
v 100 26.08318328857422 24.02995872497559
v 100 -30.6391658782959 25.61752128601074
v 100 -37.09998321533203 25.76277542114258
v 99.98751831054688 -37.10015869140625 17.04286766052246
v 100 26.08266258239746 33.13471221923828
v 30.88077545166016 41.53028106689453 50.9331169128418
v 100 26.08353805541992 41.62118148803711
v 32.50143814086914 41.46833801269531 71.86851501464844
v 100 26.08440589904785 49.79467391967773
v 99.70545196533203 26.08487510681152 72.16317749023438
v 100 -30.6391658782959 34.19977951049805
v 32.28572082519531 34.44070434570312 79.83349609375
v 100 -30.63915824890137 42.73696517944336
v 32.37315368652344 39.31460571289062 78.70967102050781
v 100 -30.63915824890137 49.34886169433594
v 99.97344970703125 -30.63915824890137 71.84941101074219
v 100 -37.10006713867188 34.41097640991211
v 32.43323135375977 39.83533477783203 77.28874206542969
v 100 -37.09988403320312 42.93296432495117
v 32.34039306640625 39.98361968994141 72.27320861816406
v 100 -37.1002197265625 49.27608489990234
v 99.97960662841797 -37.10018920898438 71.84486389160156
v 97.6016845703125 -37.1009521484375 16.66990089416504
v 97.60214996337891 -31.58059883117676 16.49297332763672
v 97.61065673828125 -31.34576606750488 1.92554497718811
v 97.61502075195312 -31.27295875549316 -10.40822792053223
v 97.61247253417969 -31.31550025939941 -24.98736953735352
v 97.59210968017578 -37.10075378417969 -25.12971687316895
v 97.59035491943359 -37.10093688964844 -9.87063598632812
v 97.59035491943359 -37.10100555419922 2.19099402427673
v 99.93586730957031 -12.06010437011719 71.95137023925781
v 100 -12.06010437011719 49.49314117431641
v 100 -12.06010437011719 42.37585830688477
v 100 -12.06010627746582 33.85508728027344
v 100 -12.06010627746582 25.10372924804688
v 100 -12.06011009216309 16.21397399902344
v 100 -12.06010723114014 1.03041803836823
v 100 -12.06010723114014 -10.98202419281006
v 100 -12.06010627746582 -26.62096977233887
v 100 -12.06010627746582 -57.03065872192383
v 100 -12.06010627746582 -76.135498046875
v 97.93893432617188 -12.06010627746582 -79.85005187988281
v 92.85145568847656 -12.06010627746582 -80
v 87.35031127929688 -12.06010627746582 -79.99435424804688
v 32.27628326416016 -12.05988121032715 79.82035827636719
v -43.6965446472168 -12.05989933013916 79.85418701171875
v -47.48611068725586 -12.05980968475342 79.671630859375
v -96.90188598632812 -12.06004428863525 79.26025390625
v -96.65676116943359 -37.10015869140625 79.33128356933594
v -47.1671028137207 -37.10009002685547 79.99482727050781
v 58.98665618896484 -12.59447956085205 75.87443542480469
v 59.24425888061523 -30.64105415344238 75.99154663085938
v 31.17222595214844 -12.62599754333496 75.8592529296875
v -43.45375442504883 -12.86228370666504 75.78079223632812
v -46.79019546508789 -12.80404090881348 75.826171875
v -46.5555419921875 -30.6623592376709 75.92330932617188
v -42.49191284179688 -30.64612770080566 75.91720581054688
v 31.01821136474609 -30.61250495910645 75.90458679199219
v -47.21245574951172 -30.63948249816895 79.96902465820312
v -96.71938323974609 -30.6395320892334 79.31614685058594
v -42.09610366821289 -37.09873962402344 79.992919921875
v 30.52376556396484 -37.08244323730469 79.9920654296875
v 59.54121398925781 -37.07905578613281 79.99897766113281
v 63.43299102783203 -37.10012817382812 80
v 70.50261688232422 -37.10012817382812 80
v -100 -12.05997276306152 40.68910217285156
v -100 -12.05997276306152 51.3576545715332
v -100 -12.05997467041016 33.44358062744141
v -100 -12.05997467041016 23.63269805908203
v -100 -12.05997467041016 16.03726005554199
v -100 -12.05997467041016 1.03944098949432
v -100 -12.05997467041016 -13.14452266693115
v -100 -12.05991077423096 -26.65937614440918
v -100 -12.05997753143311 -54.50283813476562
v -100 -12.05997753143311 -73.09500122070312
v -99.83456420898438 -12.05997562408447 -77.56346130371094
v -96.69687652587891 -12.05997562408447 -79.54682922363281
v -50.52500534057617 -12.05997753143311 -80
v -46.29504776000977 -12.06003379821777 -80
v -99.94560241699219 -12.05989456176758 71.93452453613281
v -99.78459930419922 -30.63940238952637 72.10723876953125
v -99.82729339599609 -37.10015106201172 72.10821533203125
v 99.76112365722656 -37.09986877441406 77.56228637695312
v 97.45462036132812 -37.09983062744141 79.89521789550781
v 91.41797637939453 -37.10003662109375 80
v 83.61943054199219 -37.10032653808594 80
v 97.91831207275391 -37.10113525390625 -79.8538818359375
v 93.40367889404297 -37.10105133056641 -80
v 87.36008453369141 -37.10152435302734 -79.994873046875
v -46.16260528564453 -37.11629486083984 -79.99903869628906
v -50.97324752807617 -37.10220336914062 -80
v -96.67543792724609 -37.09978485107422 -79.55030822753906
v -99.91705322265625 -37.09968566894531 -77.29417419433594
v -100 -37.09888458251953 -72.6551513671875
v -100 -37.09836578369141 -54.44459533691406
v -100 -37.09830474853516 -25.76761436462402
v -99.99930572509766 -37.10214996337891 17.16594696044922
v -100 -37.10227203369141 24.90091323852539
v -100 -37.10196685791016 34.31887817382812
v -100 -37.10134887695312 40.56306838989258
v -100 -37.10142517089844 51.6700553894043
v -97.66028594970703 -30.80423545837402 16.80356025695801
v -97.57630157470703 -37.09974670410156 16.80285263061523
v -97.63922882080078 -30.78646659851074 1.04243302345276
v -97.65397644042969 -30.75905799865723 -13.64273929595947
v -97.55555725097656 -37.09967803955078 1.04220998287201
v -97.55576324462891 -37.09943389892578 -13.54450511932373
v -97.74568939208984 -30.9817066192627 -25.51404571533203
v -97.61630249023438 -37.10049438476562 -25.4862232208252
v -86.28465270996094 -37.68260192871094 -25.4223690032959
v -86.28345489501953 -37.63918304443359 -13.26346874237061
v -86.45670318603516 -37.60709381103516 1.04717195034027
v -86.51296997070312 -37.63417816162109 16.83730316162109
v -86.19768524169922 -39.95604705810547 1.0468430519104
v -86.19561767578125 -39.95660400390625 16.93876457214355
v -86.17121887207031 -39.95619964599609 -13.43051433563232
v -86.26334381103516 -39.95671081542969 -25.59400367736816
v -98.33499908447266 -39.95383453369141 -25.64645767211914
v -97.74221038818359 -39.95449066162109 17.02214050292969
v 29.24818229675293 37.60795593261719 -79.89996337890625
v -46.96076965332031 37.60813903808594 -79.89082336425781
v -49.71267318725586 37.6080322265625 -79.89517211914062
v -96.67182922363281 37.60786437988281 -79.43550109863281
v -99.67769622802734 37.60723876953125 -77.36589050292969
v -99.81616973876953 37.60680389404297 -74.3404541015625
v -99.78139495849609 37.60717010498047 -54.13712310791016
v -99.75703430175781 37.60742950439453 -29.36895561218262
v -99.75450134277344 37.60747528076172 -12.71230030059814
v -99.77358245849609 37.60723876953125 0.79465901851654
v -99.73560333251953 37.60765075683594 13.36652565002441
v -99.74359130859375 37.60758209228516 21.67911529541016
v -99.73854064941406 37.60762786865234 31.57123374938965
v -99.75742340087891 37.60742950439453 40.6063232421875
v -99.76644897460938 37.60733795166016 50.74110412597656
v -99.73384857177734 37.60765838623047 72.48959350585938
v -96.78195953369141 37.60806274414062 79.15234375
v -48.90075302124023 37.60836791992188 79.83636474609375
v -45.98998641967773 37.60845947265625 79.82929992675781
v 32.33257675170898 37.60770416259766 79.87742614746094
v 61.98815155029297 37.60807800292969 79.84855651855469
v 64.82648468017578 37.60839080810547 79.82675170898438
v 72.03954315185547 37.60820770263672 79.83985900878906
v 84.64656829833984 37.60779571533203 79.86790466308594
v 91.83487701416016 37.60777282714844 79.86888122558594
v 97.07637023925781 37.60768890380859 79.82803344726562
v 99.52850341796875 37.60966491699219 77.58283996582031
v 99.73793792724609 37.61021423339844 71.81019592285156
v 99.76164245605469 37.60993957519531 50.14818572998047
v 99.79692077636719 37.60953521728516 41.44641876220703
v 99.78728485107422 37.60964202880859 32.96617126464844
v 99.78619384765625 37.60965728759766 23.64605140686035
v 99.78541564941406 37.60966491699219 15.41507911682129
v 99.78990936279297 37.60960388183594 0.56954002380371
v 99.80081939697266 37.60948944091797 -11.50301933288574
v 99.77204132080078 37.60980987548828 -29.02648162841797
v 99.7552490234375 37.61001586914062 -55.29508209228516
v 99.75271606445312 37.61003875732422 -76.04597473144531
v 97.58269500732422 37.60988616943359 -79.69876098632812
v 92.68268585205078 37.60967254638672 -79.80419921875
v 85.50199890136719 37.60954284667969 -79.81491088867188
v 73.04823303222656 37.60926055908203 -79.83462524414062
v 64.61470031738281 37.60895538330078 -79.84907531738281
v 60.57627868652344 37.60870361328125 -79.86257934570312
v 57.45866394042969 37.60848999023438 -79.87295532226562
v 86.22005462646484 -38.27625274658203 16.54363632202148
v 86.26182556152344 -37.96529388427734 2.49509191513062
v 86.31140899658203 -37.80060577392578 -10.25499153137207
v 86.29080200195312 -37.86873626708984 -25.21405029296875
v 85.98397827148438 -39.95680999755859 -25.60687446594238
v 99.18666839599609 -39.95464324951172 -25.69301605224609
v 85.76438140869141 -39.95680999755859 -10.11005020141602
v 85.95207214355469 -39.95680999755859 2.49658298492432
v 85.90121459960938 -39.95680999755859 16.87784576416016
v 98.4661865234375 -39.95577239990234 17.00659370422363
v 98.29643249511719 -39.9560546875 25.53557968139648
v 98.41609954833984 -39.95595550537109 34.59307479858398
v 98.37487030029297 -39.95597839355469 42.68926620483398
v 98.51822662353516 -39.95584106445312 49.36575698852539
v 98.19837951660156 -39.95613861083984 71.27912902832031
v 99.21605682373047 -39.95458221435547 -57.30562973022461
v 99.19857025146484 -39.95462036132812 -76.11074829101562
v 97.45787048339844 -39.95521545410156 -78.889892578125
v 93.88194274902344 -39.95525360107422 -79.01150512695312
v 87.40977478027344 -39.95541381835938 -78.92118835449219
v 93.84921264648438 -39.95680999755859 -75.66395568847656
v 87.44257354736328 -39.95680999755859 -75.26713562011719
v 93.99625396728516 -39.95680999755859 -57.93811798095703
v 87.10039520263672 -38.79251098632812 -75.46168518066406
v 87.19350433349609 -38.44864654541016 -78.08738708496094
v 87.10458374023438 -36.48237609863281 -78.70001220703125
v 87.15332794189453 -30.16469383239746 -78.70021057128906
v 87.23951721191406 -12.05951881408691 -78.70619201660156
v 87.17989349365234 25.5423583984375 -78.70561218261719
v 72.34423828125 25.63673782348633 -78.70597839355469
v 63.91943359375 25.72138595581055 -78.70884704589844
v 59.63652801513672 25.63056945800781 -78.70590209960938
v 55.84634017944336 25.73547744750977 -78.70941162109375
v 30.35923385620117 25.75460433959961 -78.7120361328125
v -45.92924880981445 25.57254981994629 -78.71150207519531
v -46.10218811035156 -12.06049728393555 -78.71647644042969
v -46.05898284912109 -31.56942939758301 -78.70924377441406
v -46.11405944824219 -37.21968841552734 -78.78182983398438
v 30.4019775390625 -12.06044101715088 -78.70001220703125
v 54.96396636962891 -12.06021595001221 -78.70001220703125
v 59.93729782104492 -12.06028175354004 -78.70001220703125
v 63.89078521728516 -12.06021785736084 -78.70001220703125
v 71.50937652587891 -12.06021785736084 -78.70001220703125
v 71.1370849609375 -30.09366416931152 -78.70001220703125
v 62.97278213500977 -30.19802665710449 -78.70001220703125
v 58.63703918457031 -30.33419990539551 -78.70001220703125
v 53.84460067749023 -30.61922264099121 -78.70001220703125
v 29.60201644897461 -30.30465126037598 -78.70001220703125
v 29.33176422119141 -37.13893127441406 -78.70001220703125
v 53.74105453491211 -36.85398101806641 -78.70001220703125
v 58.51531600952148 -36.89662933349609 -78.70001220703125
v 63.34117126464844 -36.84228515625 -78.70001220703125
v 71.00389099121094 -36.88243103027344 -78.70001220703125
v 70.91742706298828 -38.54640197753906 -77.81355285644531
v 63.25782012939453 -38.53937530517578 -77.83746337890625
v 58.52148818969727 -38.56714630126953 -77.74298095703125
v 53.63407135009766 -38.51239013671875 -77.92930603027344
v 29.05289077758789 -38.56351470947266 -77.75531005859375
v 53.3226432800293 -38.7611083984375 -75.46366882324219
v 28.26028823852539 -38.76751708984375 -75.46295166015625
v 58.47704315185547 -38.77001953125 -75.46281433105469
v 63.13624572753906 -38.71458435058594 -75.48237609863281
v 71.06581878662109 -38.72921752929688 -75.47024536132812
v 70.98928070068359 -39.95680999755859 -75.3446044921875
v 63.12743759155273 -39.95680999755859 -75.34445190429688
v 58.42318344116211 -39.95651245117188 -75.4578857421875
v 53.33024597167969 -39.95680999755859 -75.27346801757812
v 28.30479431152344 -39.95680999755859 -75.33236694335938
v -45.83443832397461 -38.38327789306641 -78.22372436523438
v -45.94549560546875 -38.70848083496094 -75.60993957519531
v -46.10679626464844 -39.95679473876953 -75.43852233886719
v -46.15431213378906 -39.9552001953125 -79.02706909179688
v -51.18190002441406 -39.95508575439453 -79.08024597167969
v -51.36223220825195 -39.95680999755859 -75.46391296386719
v -98.9501953125 -39.95278930664062 -76.516357421875
v -96.38545989990234 -39.95337677001953 -79.002197265625
v -98.96080017089844 -39.95276641845703 -72.17074584960938
v -98.519287109375 -39.95365142822266 -54.38378143310547
v -86.00643920898438 -39.95680999755859 -49.96141052246094
v -86.0504150390625 -39.95680999755859 -70.4637451171875
v -70.37252044677734 -39.95491790771484 -79.15493774414062
v -71.6600341796875 -39.95680999755859 -75.98716735839844
v -70.38399505615234 -37.13648223876953 -80
v -70.49507141113281 -30.80167961120605 -80
v -70.13226318359375 -12.05997753143311 -80
v -69.62387847900391 26.08496856689453 -80
v -69.52625274658203 33.45500183105469 -80
v -69.51057434082031 34.49697494506836 -79.92607116699219
v -69.65216827392578 37.66223907470703 -79.863037109375
v -69.58784484863281 39.58775329589844 -78.70713806152344
v -69.25574493408203 40 -75.95260620117188
v -69.28066253662109 40 -54.71131134033203
v -69.38027191162109 40 -29.81300163269043
v -69.40331268310547 40 -13.5187873840332
v -69.37198638916016 40 1.09968996047974
v -69.42794799804688 40 13.97518253326416
v -69.48698425292969 40 22.86477851867676
v -69.43629455566406 40 32.96996688842773
v -69.2894287109375 40 41.09007263183594
v -69.38124847412109 40 50.65692138671875
v -69.29417419433594 40 71.97120666503906
v -68.49296569824219 39.89008331298828 77.09860229492188
v -68.94880676269531 39.50623321533203 78.44334411621094
v -69.27291107177734 37.71759033203125 79.80323791503906
v -69.30139923095703 34.71823120117188 79.99192810058594
v -69.38051605224609 33.43267059326172 80
v -69.26022338867188 26.0917911529541 80
v -68.49345397949219 -12.05997085571289 79.9671630859375
v -68.15861511230469 -30.63662528991699 80
v -68.15478515625 -37.05416107177734 80
v -97.79055786132812 -39.95458984375 25.15117454528809
v -97.69254302978516 -39.95466613769531 35.18155288696289
v -97.67295074462891 -39.95468139648438 41.53121566772461
v -97.86237335205078 -39.95447540283203 52.47171783447266
v -85.74039459228516 -39.95680999755859 24.79792594909668
v -84.83531188964844 -39.95680999755859 34.10190200805664
v -84.59871673583984 -39.95680999755859 40.3549919128418
v -84.27445220947266 -39.95680999755859 50.85086441040039
v -98.07231903076172 -39.95390319824219 71.97915649414062
v -95.35291290283203 -39.95417785644531 78.48306274414062
v -70.02757263183594 -39.95478057861328 78.81097412109375
v -70.49609375 -39.95658111572266 71.95196533203125
v -46.85414123535156 -39.95508575439453 78.62071228027344
v -41.67691421508789 -39.95491790771484 78.72894287109375
v 30.3746280670166 -39.95521545410156 78.54281616210938
v 59.30834197998047 -39.95484924316406 78.767822265625
v -46.55062866210938 -39.95675659179688 71.77421569824219
v -41.27558517456055 -39.95677947998047 71.69410705566406
v 30.4730224609375 -39.95671081542969 71.83070373535156
v 59.5651741027832 -39.95673370361328 71.81361389160156
v 63.58126831054688 -39.95491790771484 78.73085021972656
v 70.61433410644531 -39.95499420166016 78.67938232421875
v 83.572021484375 -39.95500946044922 78.67567443847656
v 91.20967864990234 -39.95512390136719 78.59748840332031
v 63.69659805297852 -39.95677947998047 71.7025146484375
v 70.76908111572266 -39.95680999755859 71.58915710449219
v 83.84407043457031 -39.95680999755859 71.62518310546875
v 91.61165618896484 -39.95680999755859 71.61993408203125
v 96.74439239501953 -39.574951171875 78.66426086425781
v 98.55752563476562 -39.95536041259766 76.94888305664062
v 92.19605255126953 -39.95680999755859 26.26786422729492
v 91.91709136962891 -39.95680999755859 34.69464874267578
v 91.75445556640625 -39.95680999755859 43.62386703491211
v 91.41688537597656 -39.95680999755859 49.81119537353516
v -99.67121124267578 34.95147705078125 76.892333984375
v -99.35917663574219 37.67733764648438 76.72210693359375
v -97.68006134033203 39.16791534423828 75.28073120117188
v -96.33302307128906 39.52254486083984 74.68397521972656
v -68.89506530761719 40 74.53181457519531
v -49.14915466308594 40 74.62763977050781
v -46.13465881347656 40 74.64091491699219
v 32.45912551879883 40 74.93923950195312
v 62.32182312011719 40 74.56175231933594
v 64.55535888671875 40 74.45671081542969
v 72.90713500976562 40 74.41766357421875
v 84.63327789306641 40 74.39872741699219
v 91.66037750244141 40 74.37165832519531
v 98.60538482666016 39.57143402099609 74.66288757324219
v 99.85926818847656 37.60885620117188 74.70509338378906
v 99.87743377685547 34.46279907226562 74.66645812988281
v 99.99917602539062 33.58119201660156 74.63311767578125
v 100 26.0830192565918 74.89044189453125
v 99.89347076416016 -12.06003761291504 74.72781372070312
v 100 -30.63895606994629 74.69081115722656
v 100 -37.13460540771484 74.72257995605469
v 98.30245971679688 -39.82392883300781 74.08468627929688
v 91.41168975830078 -39.99811553955078 75.10908508300781
v 83.70848083496094 -39.99765014648438 75.15216064453125
v 70.69197082519531 -39.99782562255859 75.13609313964844
v 63.63914108276367 -39.99692535400391 75.21847534179688
v 59.43712997436523 -39.99612426757812 75.29232788085938
v 30.42395210266113 -39.99724578857422 75.1888427734375
v -41.47571182250977 -39.99697875976562 75.21310424804688
v -46.70197677612305 -39.99713134765625 75.199462890625
v -70.26260375976562 -39.99512481689453 75.38343811035156
v -96.58380126953125 -39.68548583984375 75.11714172363281
v -99.73173522949219 -37.63064575195312 76.72454833984375
v -99.74473571777344 -30.64254570007324 76.69522094726562
v -99.70365905761719 -12.06735134124756 76.44049072265625
v -99.65483856201172 26.08867073059082 76.91944885253906
v -99.68571472167969 33.53316497802734 76.84681701660156
v -41.99104309082031 20.40258407592773 -50.47150039672852
v -41.99150466918945 27.94586372375488 -28.88302230834961
v -41.99197769165039 32.76802062988281 -14.91683197021484
v -41.9922981262207 37.43197631835938 0.6471089720726
v -41.99147796630859 39.72441864013672 14.29108142852783
v -41.99105834960938 40.21906280517578 23.48710441589355
v -41.99294662475586 40.63350677490234 33.80218887329102
v -41.99183654785156 40.70790863037109 41.14973831176758
v 55.48937225341797 40.56808471679688 41.27442169189453
v 55.45924377441406 40.45616912841797 34.27108383178711
v 55.63960266113281 40.22508239746094 23.72171211242676
v 55.52361679077148 39.76950073242188 15.86553573608398
v 55.40400695800781 37.46987152099609 1.93957901000977
v 55.51355743408203 34.15594482421875 -10.33822059631348
v 55.62359237670898 27.64752960205078 -29.59004592895508
v 55.47305679321289 20.26739692687988 -50.6695671081543
v -29.6219654083252 37.44515991210938 0.67943000793457
v -29.89728927612305 39.79888153076172 15.02094554901123
v -29.8182430267334 40.277587890625 23.43350601196289
v -29.67575836181641 40.56803894042969 33.42067718505859
v -29.79240989685059 40.51914215087891 41.30796051025391
v -29.60650444030762 32.93107604980469 -14.46804714202881
v -29.59482765197754 27.7105541229248 -29.68202018737793
v -29.82900428771973 20.35579872131348 -50.6695671081543
v -26.32615280151367 37.43811798095703 0.69117498397827
v -26.32551765441895 39.75523376464844 14.54757118225098
v -26.32490921020508 40.22282409667969 23.49416542053223
v -26.21277618408203 40.53180694580078 33.72189712524414
v -26.06062889099121 40.61411285400391 41.30618667602539
v -26.32548141479492 32.93805313110352 -14.32734107971191
v -26.57045745849609 27.88253593444824 -29.1912727355957
v -26.34770965576172 20.25282669067383 -50.6695671081543
v -41.29071807861328 31.43836784362793 -14.42565727233887
v -41.29067611694336 25.94226455688477 -28.29866981506348
v -41.59513854980469 18.76119995117188 -50.6695671081543
v -41.29075241088867 36.09181976318359 0.96431398391724
v -41.2906608581543 38.45199584960938 14.45906639099121
v -41.29059219360352 39.38340759277344 23.51592063903809
v -41.29084014892578 39.93074798583984 33.82652282714844
v -41.29070663452148 40.08913421630859 41.16640090942383
v -30.31296157836914 18.84339141845703 -50.6825065612793
v -30.55702972412109 25.70278930664062 -28.86732482910156
v -30.55702972412109 31.56637001037598 -14.06784725189209
v -30.55702972412109 36.09259033203125 0.99181598424912
v -30.55702972412109 38.46963500976562 14.61824417114258
v -30.55702972412109 39.38222503662109 23.51712036132812
v -30.40905380249023 39.94532012939453 34.39070510864258
v -30.17532730102539 40.08943939208984 41.18502044677734
v -25.80512237548828 25.39875602722168 -29.30362319946289
v -25.41205406188965 31.66544342041016 -13.79913520812988
v -25.41205406188965 36.09597015380859 1.00735998153687
v -25.41139984130859 38.48331451416016 14.72602653503418
v -25.40875244140625 39.38236999511719 23.51938247680664
v -25.41751670837402 39.93202972412109 33.88764953613281
v -25.41459846496582 40.08961486816406 41.19585800170898
v -25.40134620666504 18.5118408203125 -50.6695671081543
v 54.78048706054688 38.63249969482422 15.88444137573242
v 54.66218948364258 36.28704833984375 1.88010394573212
v 54.8603630065918 32.88721466064453 -10.23947429656982
v 54.87828063964844 25.59068298339844 -29.1335334777832
v 55.09633636474609 18.9138298034668 -50.6695671081543
v 54.87471389770508 39.40570831298828 23.83646965026855
v 54.99440002441406 39.94409942626953 34.26287460327148
v 55.17072677612305 40.09257507324219 41.24597549438477
v 55.82660293579102 40.23027801513672 50.92499923706055
v -42.49988174438477 40.32582092285156 50.60437393188477
v -29.59979820251465 40.24988555908203 50.60437393188477
v -26.32541084289551 40.23027801513672 50.59952545166016
v -13.82345771789551 25.23630332946777 -29.97488403320312
v -13.82306480407715 31.80107879638672 -13.43106746673584
v -13.82334327697754 36.10202789306641 1.03553998470306
v -13.8239164352417 38.50434112548828 14.89289379119873
v -13.82378482818604 39.38280487060547 23.52812576293945
v -13.74818325042725 39.93116760253906 33.85498809814453
v -13.6711597442627 40.08912658691406 41.16589736938477
v -13.82083892822266 18.5948600769043 -50.66954803466797
v -8.95440864562988 24.96403121948242 -30.62160491943359
v -8.89466381072998 31.8657398223877 -13.25588035583496
v -8.95885562896729 36.07672882080078 0.91892999410629
v -8.85616016387939 38.51181030273438 14.95065307617188
v -8.98688888549805 39.35771179199219 23.13793563842773
v -8.9351749420166 39.91869354248047 33.38206100463867
v -9.00953102111816 40.08697509765625 41.03323745727539
v -8.63150024414062 18.65259552001953 -50.66955947875977
v 3.67081594467163 18.72585296630859 -50.6695671081543
v 3.77436900138855 24.72099685668945 -31.1987190246582
v 3.92840194702148 31.96293067932129 -12.99226760864258
v 3.98596096038818 36.07966613769531 0.93244200944901
v 3.92136788368225 38.53079986572266 15.10032939910889
v 3.90459203720093 39.37186431884766 23.35883331298828
v 3.95778203010559 39.93101501464844 33.84944152832031
v 3.9876070022583 40.08884429931641 41.14839935302734
v 8.51451587677002 18.94005012512207 -50.6695671081543
v 8.622145652771 24.54155921936035 -31.62482070922852
v 8.63736724853516 32.10582733154297 -12.61006164550781
v 8.57611846923828 36.09361267089844 0.99652999639511
v 8.53751659393311 38.54596710205078 15.21982288360596
v 8.61489868164062 39.38478851318359 23.55631256103516
v 8.55979919433594 39.93424224853516 33.97148132324219
v 8.5653133392334 40.08916473388672 41.16845703125
v 21.80060005187988 24.36208724975586 -32.05099487304688
v 21.79996871948242 32.2333869934082 -12.22245597839355
v 21.79985046386719 36.12216949462891 1.12775802612305
v 21.79959487915039 38.57377624511719 15.43899536132812
v 21.79963493347168 39.38481903076172 23.55677604675293
v 21.79929161071777 39.93637847900391 34.0524787902832
v 21.79895782470703 40.23027801513672 50.49329376220703
v 21.80098342895508 18.86667633056641 -50.6695671081543
v 26.91008377075195 24.17045021057129 -32.50606918334961
v 26.8867073059082 32.32134246826172 -11.95519733428955
v 26.8867073059082 36.12656402587891 1.14797103404999
v 26.8867073059082 38.58896636962891 15.55869674682617
v 26.8867073059082 39.38523101806641 23.56305313110352
v 26.86397171020508 39.93711090087891 34.08015441894531
v 26.84123611450195 40.23027801513672 50.47545623779297
v 26.93260955810547 18.92624092102051 -50.6695671081543
v 38.68773651123047 36.14602661132812 1.23741400241852
v 38.50315475463867 32.41692733764648 -11.66475486755371
v 38.39775466918945 24.31856727600098 -32.15434265136719
v 38.32790374755859 19.20891952514648 -50.6695671081543
v 38.48046112060547 38.59632110595703 15.61668586730957
v 38.52638244628906 39.38237762451172 23.51953887939453
v 38.39508056640625 39.93849182128906 34.13238143920898
v 38.32294464111328 40.09010314941406 41.2262077331543
v 43.07583999633789 24.74810028076172 -31.13436126708984
v 43.13869476318359 32.65059661865234 -10.95473480224609
v 43.25374603271484 36.22929382324219 1.62011098861694
v 43.24801254272461 38.6021728515625 15.66281986236572
v 43.29646301269531 39.395751953125 23.72385597229004
v 43.33089447021484 39.94268798828125 34.29096984863281
v 43.33745574951172 40.08982086181641 41.20877838134766
v 43.75531387329102 18.8795337677002 -50.6695671081543
v 22.27390480041504 20.01916122436523 -50.88390731811523
v 22.27360534667969 26.40763664245605 -32.26529693603516
v 26.46002769470215 20.07872581481934 -50.88390731811523
v 22.27308082580566 33.38587188720703 -12.43680572509766
v 26.44166374206543 26.21600151062012 -32.72061538696289
v 22.27298164367676 37.27465057373047 0.91336798667908
v 26.42257881164551 33.47382736206055 -12.16954803466797
v 22.27277183532715 39.72626495361328 15.22464466094971
v 26.42257881164551 37.279052734375 0.93354201316834
v 22.27281188964844 40.22984313964844 23.34223175048828
v 26.42257881164551 39.74144744873047 15.34434509277344
v 22.27252578735352 40.52386474609375 33.83793640136719
v 26.42257881164551 40.23025512695312 23.34850883483887
v 26.40403938293457 40.52459716796875 33.8656120300293
v 22.19619369506836 40.43466949462891 41.21085357666016
v 21.79902839660645 40.08985137939453 41.21065521240234
v 26.84123611450195 40.08988952636719 41.21314239501953
v 26.39995002746582 40.43470764160156 41.21292495727539
v -13.34843158721924 32.7602424621582 -14.39741611480713
v -9.13005542755127 27.21346282958984 -30.10389709472656
v -9.19423198699951 33.10500335693359 -13.46245193481445
v 42.83515548706055 33.59687042236328 -11.15027713775635
v 42.8339958190918 37.18354797363281 1.49030101299286
v 8.30543518066406 20.51886177062988 -50.6695671081543
v 4.10371208190918 33.33615875244141 -12.62948322296143
v 8.23718929290771 27.17683219909668 -30.82074356079102
v 8.03902244567871 33.60694122314453 -12.31412410736084
v 4.44011783599854 39.48744964599609 15.01778030395508
v 8.10915946960449 37.64615631103516 0.88396298885345
v 42.8333625793457 39.57228088378906 15.68615055084229
v 42.90673828125 40.22055816650391 23.89412307739258
v 4.17200994491577 40.16616821289062 23.4837646484375
v 8.32722187042236 39.61006164550781 15.56733703613281
v 4.21248579025269 40.52498626708984 33.82890701293945
v 8.24664688110352 40.16156768798828 23.58392906188965
v 4.23821401596069 40.63166809082031 41.00605010986328
v 8.16087818145752 40.54273223876953 33.91582489013672
v 8.25433254241943 40.57618713378906 41.12484741210938
v -13.83000469207764 40.23013305664062 50.57464218139648
v -13.26867389678955 40.69995880126953 41.18217468261719
v -9.21741104125977 40.48398590087891 33.30641555786133
v -9.27995491027832 40.181884765625 22.98867607116699
v -9.13005542755127 39.50960540771484 14.84932041168213
v -13.37741279602051 39.38616180419922 13.38625717163086
v -9.15743541717529 37.26299285888672 0.72920399904251
v 42.87912750244141 40.54982757568359 34.13090896606445
v 43.55683135986328 40.23027801513672 50.55375289916992
v 42.93141174316406 40.61904907226562 41.25368881225586
v -13.31900215148926 20.36456871032715 -50.6993293762207
v -13.37741279602051 27.29695701599121 -30.24340438842773
v -9.30407238006592 20.2220573425293 -50.6695671081543
v -13.37741279602051 36.48299407958984 -0.02591899968684
v 39.12118911743164 20.13093185424805 -50.93695449829102
v 38.82619094848633 27.00230407714844 -31.0838623046875
v 42.98411178588867 19.80154800415039 -50.93695449829102
v 38.93620681762695 33.87353515625 -11.31704521179199
v 42.91572189331055 27.4190845489502 -30.21675300598145
v 38.85660171508789 37.50299072265625 1.65925395488739
v 39.10843658447266 39.55666351318359 15.56300926208496
v 4.36387300491333 20.30850219726562 -50.86203765869141
v 4.08081102371216 26.96301460266113 -30.68756866455078
v 4.27726316452026 37.46076202392578 1.05754804611206
v 38.91590118408203 40.18412017822266 23.51861381530762
v 38.9500732421875 40.53440093994141 34.09070587158203
v 3.64430689811707 40.23027801513672 50.53545379638672
v 8.4174919128418 40.23027801513672 50.48030090332031
v -8.64480304718018 40.23018646240234 50.557373046875
v -9.20892333984375 40.57905578613281 40.9847526550293
v -13.16073226928711 40.54628753662109 32.72061538696289
v -13.25301647186279 40.14746856689453 22.47088050842285
v 39.10793685913086 41.04953765869141 41.20914459228516
v 38.32328796386719 40.23027801513672 50.49674987792969
# 971 vertices

vn -0.06497393548489 0.99788665771484 0.00079808064038
vn -0.32564145326614 0.94549280405045 0.00099760037847
vn -0.12469407916069 0.99219506978989 0.00051992211957
vn 0 0 0
vn -0.34058871865273 0.94021236896515 0.00004701408034
vn -0.13275891542435 0.99114370346069 0.00304732797667
vn -0.00040586106479 -0.00189757777844 0.99999809265137
vn -0.00005397872883 0.05666555091739 0.99839323759079
vn 0.00060904311249 0.06849150359631 0.9976515173912
vn -0.0017996422248 -0.00100928777829 0.99999785423279
vn 0.95822167396545 0.28602612018585 0.00053375290008
vn 0.95902556180954 0.28331166505814 -0.00211440771818
vn 0.95947951078415 0.28177520632744 -0.00133307022043
vn 0.96010011434555 0.27964729070663 -0.0022664736025
vn 0.96073132753372 0.27748039364815 0.00008748902474
vn 0.01082470733672 0.05542941018939 0.9984039068222
vn 0.41169711947441 0.06428495049477 0.90905058383942
vn 0.40977776050568 0.05187164247036 0.91070932149887
vn 0.00002978999328 0.04514522105455 0.99898046255112
vn 0.9582445025444 0.28595018386841 0.00011117682152
vn 0.99770969152451 0.06762265414 -0.0016096503241
vn 0.99710732698441 0.07560643553734 -0.00778680760413
vn 0.95937120914459 0.28195056319237 -0.01052442193031
vn 0.99919790029526 0.04003927856684 0.00063037429936
vn 0.99869298934937 0.04894803091884 -0.01471151132137
vn 0.00055515317945 0.06775204837322 0.99770206212997
vn -0.00187222636305 -0.00008760127093 0.9999982714653
vn 0.00500390026718 0.05524366348982 0.99846035242081
vn 0.01050209905952 -0.00806063879281 0.99991238117218
vn -0.00512484647334 0.03653165698051 0.99931937456131
vn -0.00976738985628 -0.01605939492583 0.99982333183289
vn 0.99730640649796 0.0732755959034 -0.00325393280946
vn 0.99830591678619 0.05815070495009 -0.00194525055122
vn 0.95940065383911 0.28204482793808 -0.0010369165102
vn -0.01354040298611 -0.00695678032935 0.99988412857056
vn 0.96056038141251 0.27807143330574 -0.00010659707186
vn 0.99654388427734 0.08306646347046 0.00054523063591
vn 0.99734568595886 0.07281030714512 0.00050929957069
vn 0.96044659614563 0.2784643471241 -0.00004874137085
vn 0.99641215801239 0.0846331268549 -0.00008133729716
vn 0.99730414152145 0.0733789280057 -0.00005662539479
vn 0.38633248209953 -0.00175726541784 0.92235791683197
vn -0.00026774083381 0.9999994635582 -0.00100311532151
vn -0.00009710356971 0.99999910593033 -0.00132949347608
vn -0.00025341898436 0.99991106987 0.01333565171808
vn -0.00063487741863 0.99990892410278 0.01347939390689
vn 0.99775993824005 0.06386117637157 0.01992039009929
vn 0.91532808542252 0.05416472256184 0.39904966950417
vn 0.91362899541855 0.07528056949377 0.39951831102371
vn 0.99633759260178 0.07975321263075 0.030835904181
vn 0 1 0
vn 0.04052975773811 0.99913221597672 0.00959826633334
vn 0.04078251123428 0.99916779994965 -0.00070457311813
vn 0.90814143419266 -0.00318103050813 0.41865146160126
vn 0.01328204106539 0.99991106987 0.00119120534509
vn 0.0042299204506 0.99962675571442 0.02699084766209
vn 0.03145802393556 0.9990142583847 0.03131858259439
vn -0.30551594495773 0.95218509435654 -0.00190029665828
vn -0.15072484314442 0.98857182264328 0.0027795387432
vn -0.00037088603131 0.99989515542984 0.01447749696672
vn 0.03011209703982 0.99946641921997 -0.01265641488135
vn -0.00032257460407 0.99999970197678 -0.00069219159195
vn 0.07499527931213 0.99673449993134 -0.0299333371222
vn 0.07910322397947 0.99566215276718 0.04898555204272
vn -0.00087980442913 0.12900295853615 0.991643846035
vn 0.00403424119577 0.99998986721039 0.00199371622875
vn -0.003717251122 0.17273955047131 -0.98496049642563
vn -0.96300888061523 0.26942551136017 -0.00488133914769
vn -0.27148440480232 0.96244257688522 0.00070697622141
vn -0.1541875898838 0.98804152011871 0.00036037687096
vn 0.99940931797028 0.00164155184757 0.03432603925467
vn 0.90831977128983 0.00319302896969 0.41826421022415
vn 0.90767568349838 0.00060217926512 0.41967195272446
vn 0.99978482723236 0.00176708679646 0.02066907845438
vn 0.96109116077423 0.27623134851456 -0.00003657739217
vn 0.96106094121933 0.27633646130562 -0.00002258978384
vn 0.99677234888077 0.08022443950176 -0.00297794560902
vn 0.00278890389018 0.99896562099457 0.04538615420461
vn -0.01411279011518 0.99980813264847 -0.01358271017671
vn -0.00128609442618 0.99944573640823 -0.03326524049044
vn 0.04780434444547 0.99885660409927 -0.00044409843395
vn -0.00079137366265 0.99999958276749 -0.00044880722999
vn 0.0472706630826 0.99888211488724 -0.00018846662715
vn 0.0437385737896 0.99898684024811 0.01059375423938
vn 0.00039523310261 0.99999970197678 -0.00066032010363
vn 0.03502561151981 0.99933457374573 0.01018092874438
vn 0.99993944168091 -0.00490227062255 0.00985358282924
vn 0.03101498261094 0.99951887130737 -0.00039124151226
vn -0.00596099160612 -0.00289662834257 0.99997806549072
vn -0.00007852185081 0.02356169000268 0.99972236156464
vn 0.03097764961421 0.99952006340027 0.00006004092575
vn -0.01563921943307 0.99987769126892 -0.00026170408819
vn 0.00006758173549 0.99999135732651 0.00415683723986
vn 0.05471152812243 0.99848771095276 0.00537695595995
vn 0.53789383172989 0.84300225973129 0.00417108042166
vn 0.53299766778946 0.8461167216301 -0.00008218651783
vn 0.53331977128983 0.84591364860535 -0.00033832047484
vn 0.52945685386658 0.84832888841629 0.00368507998064
vn 0.52285093069077 0.85241389274597 0.00417075958103
vn 0.00001323602828 0.06169149652123 0.99809527397156
vn -0.0000581735585 0.04207296669483 0.99911451339722
vn 0.52257984876633 0.85259014368057 0.00061536085559
vn -0.01250543259084 -0.00041359930765 0.99992173910141
vn -0.37881422042847 -0.00090347847436 0.92547231912613
vn -0.3741061091423 0.00078063138062 0.92738556861877
vn -0.01485789194703 -0.00225881696679 0.99988704919815
vn 0.52088660001755 0.85361266136169 -0.00475596403703
vn 0.96058714389801 0.27797892689705 -0.00006363023567
vn 0.9965763092041 0.08267688006163 -0.00046991271665
vn 0.99740499258041 0.07199440151453 -0.00038081791718
vn 0.95930939912796 0.28235176205635 0.00172945088707
vn 0.99736207723618 0.07251809537411 0.00317339901812
vn 0.99830693006516 0.05814316496253 0.00162939482834
vn 0.07546553760767 0.96994143724442 0.23134078085423
vn 0.54781901836395 0.8365895152092 0.00350931496359
vn 0.95774096250534 0.28763166069984 0.00055368611356
vn 0.99803203344345 0.06268867105246 0.00147791428026
vn 0.99908763170242 0.0426978059113 0.00086295150686
vn -0.28536179661751 0.95841872692108 0.00146759289782
vn -0.16039903461933 0.98705196380615 0.00078533648048
vn 0.96096795797348 0.27665972709656 -0.0000260071829
vn -0.28609716892242 0.95820045471191 -0.00055712432368
vn -0.16703140735626 0.98595130443573 0.00069825380342
vn 0.96085208654404 0.27706179022789 -0.00002492250678
vn -0.28020143508911 0.95994120836258 0.00013412094268
vn -0.19006744027138 0.95489835739136 0.22813051939011
vn 0.96073818206787 0.27745646238327 -0.00001922790216
vn -0.00019629245799 0.88154727220535 0.47209569811821
vn 0.0034007942304 0.88207936286926 0.47108858823776
vn 0.0002111451322 0.99998861551285 0.00477172387764
vn -0.02219882048666 0.99974799156189 0.00334659451619
vn -0.03730027750134 0.88133859634399 0.47101056575775
vn 0.84317278862 0.32854616641998 0.42557847499847
vn 0.95800399780273 0.28448584675789 0.03600255027413
vn 0.33972033858299 0.32516264915466 0.88253009319305
vn 0.00483457790688 0.29419946670532 0.95573180913925
vn -0.00077030912507 0.06187560409307 0.99808359146118
vn -0.00230164406821 0.30589774250984 0.95206159353256
vn -0.00122705544345 0.07102981954813 0.99747341871262
vn -0.0054550296627 0.32112690806389 0.94702047109604
vn 0.00145236891694 0.07348841428757 0.9972950220108
vn 0.00617649126798 0.33462300896645 0.94233185052872
vn -0.00425821449608 -0.00297892838717 0.99998646974564
vn -0.00026885440457 0.00470037618652 0.99998891353607
vn -0.00051751692081 0.03204724565148 0.99948620796204
vn 0.00029921636451 0.99977779388428 0.02107838355005
vn -0.00193264323752 0.98442524671555 0.17579320073128
vn 0.00250560301356 0.98200577497482 0.18883419036865
vn -0.00002390177542 0.99977785348892 0.02107629925013
vn 0.00036529437057 0.99972748756409 0.02334005013108
vn 0.00088926759781 0.98366403579712 0.18001180887222
vn 0.02988644503057 0.99928247928619 0.02326663210988
vn 0.02057895250618 0.98497974872589 0.17143924534321
vn 0.00646093953401 0.80377399921417 0.59489965438843
vn -0.00114192056935 0.80360245704651 0.59516531229019
vn -0.00686183338985 0.81387382745743 0.58100116252899
vn 0.00794525444508 0.81421238183975 0.5805127620697
vn -0.37148225307465 0.03800373896956 0.9276619553566
vn -0.01396008674055 0.02183748595417 0.99966406822205
vn 0.51127201318741 0.85877192020416 0.03334262594581
vn 0.3962250649929 0.8683305978775 0.2983415722847
vn 0.18363164365292 0.75412780046463 0.63053208589554
vn 0.09153354167938 0.99580001831055 -0.00197990774177
vn 0.5518040060997 0.83397316932678 -0.00104499072768
vn 0.95879507064819 0.28409576416016 -0.0012688129209
vn 0.99734795093536 0.07276295125484 -0.00161039095838
vn 0.99856179952621 0.05360855162144 -0.00064996315632
vn 0.99981528520584 0.00660200137645 -0.01805050112307
vn 0.0038387235254 0.8872754573822 0.46122393012047
vn 0.00729161361232 0.88617217540741 0.46329873800278
vn 0.00237040943466 0.89004439115524 0.45586773753166
vn -0.06097640097141 0.90710175037384 0.41647124290466
vn 0.00537314778194 0.90436643362045 -0.42672300338745
vn 0.00946105550975 0.90511578321457 -0.42505994439125
vn 0.00280022528023 0.90221923589706 -0.43126860260963
vn -0.05572007223964 0.87975984811783 -0.47214186191559
vn 0.00796809792519 0.64687490463257 -0.76255452632904
vn 0.01422244962305 0.64509320259094 -0.76397150754929
vn 0.00055822660215 0.64921820163727 -0.76060199737549
vn -0.03603912517428 0.64942985773087 -0.75956696271896
vn -0.89722180366516 0.0048409816809 0.44155368208885
vn -0.90082591772079 -0.00222846027464 0.4341746866703
vn -0.89449054002762 0.06312665343285 0.44260782003403
vn 0.00570580968633 0.97959262132645 0.2009122222662
vn -0.00027131751995 0.9996811747551 0.02524739131331
vn 0.0163306016475 0.80456811189651 0.59363579750061
vn 0.00165997969452 0.07091693580151 0.99748086929321
vn 0.01149692479521 0.32317873835564 0.94626808166504
vn -0.07201243937016 0.55880987644196 0.82616323232651
vn -0.14331968128681 0.96921348571777 -0.20021167397499
vn -0.11349259316921 0.85477858781815 -0.50643163919449
vn -0.07143603265285 0.64823639392853 -0.75808078050613
vn -0.99918758869171 0.02659902907908 -0.03027702867985
vn -0.30077403783798 0.95369529724121 0.0005140354624
vn -0.21579258143902 0.976438164711 -0.00144350784831
vn 0.96078413724899 0.27729740738869 0.00001803974192
vn 0.9595103263855 0.28167352080345 0.00007025982632
vn 0.99671429395676 0.08099694550037 0.00038449044223
vn 0.99811220169067 0.06141593307257 0.00024346548889
vn 0.0581271238625 0.9982944726944 -0.00542046036571
vn 0.54553878307343 0.83808296918869 -0.00209128833376
vn 0.00078935659258 0.99999403953552 -0.00336060952395
vn 0.00042786280392 0.99997270107269 -0.00737270060927
vn -0.00074640801176 0.9999942779541 -0.0032943256665
vn -0.00035436308826 0.99997282028198 -0.00736563280225
vn -0.02030453085899 0.99978518486023 -0.00416332855821
vn -0.01787457428873 0.99982106685638 -0.00619249697775
vn -0.12999387085438 0.9915087223053 -0.00346827018075
vn 0.95825576782227 0.28591156005859 -0.00066588836489
vn -0.02892168797553 0.99958145618439 0.00064031599322
vn -0.01678187400103 0.99984765052795 -0.00480533251539
vn -0.0246952213347 0.99968725442886 -0.00394435180351
vn 0.0022870413959 0.99999207258224 0.00326482462697
vn -0.0015891607618 0.9999024271965 -0.01387937180698
vn -0.00451041432098 0.99974119663239 -0.02229842357337
vn -0.01430401206017 0.99963003396988 -0.02313395030797
vn -0.01527277380228 0.99988120794296 0.00206734007224
vn -0.9979265332222 0.04934370517731 0.04132642969489
vn -0.91051584482193 0.41042447090149 0.05012663081288
vn -0.80326545238495 0.46298936009407 0.37470722198486
vn -0.00633286079392 0.99997937679291 0.00107903184835
vn -0.01404729299247 0.99989712238312 -0.00289497035556
vn -0.03462713584304 0.99939751625061 -0.00236812373623
vn -0.04275733232498 0.99908542633057 -0.00030136233545
vn -0.03686955198646 0.99932008981705 0.00022110548161
vn -0.99679362773895 0.07969883084297 -0.00711256917566
vn -0.9980583190918 0.06146437674761 -0.01008524000645
vn -0.99876487255096 0.04968376457691 -0.00047121412354
vn -0.9878346323967 0.15536133944988 -0.00675444258377
vn -0.99668979644775 0.07965322583914 -0.01627439074218
vn -0.99938583374023 0.03501207381487 0.00146556773689
vn -0.98673194646835 0.16221906244755 -0.00670987414196
vn -0.9417405128479 0.33599251508713 -0.01529119629413
vn -0.99992817640305 -0.01183981262147 0.00184524315409
vn -0.98111999034882 0.19323663413525 -0.00794592965394
vn -0.106086820364 0.99398320913315 0.02725638262928
vn -0.08111857622862 0.98961424827576 0.11867343634367
vn -0.21511243283749 0.87461620569229 0.43448033928871
vn -0.42350634932518 0.89028573036194 0.16743265092373
vn -0.97225761413574 0.23390078544617 -0.00235467776656
vn -0.00070225133095 0.02454914338887 0.99969840049744
vn 0.00048927514581 0.04861855506897 0.99881732463837
vn -0.00093616812956 0.9999971985817 0.00217321445234
vn -0.00231948471628 0.99999439716339 0.00241517438553
vn -0.00000080413878 0.42045775055885 0.90731209516525
vn 0.00002399297409 0.42862814664841 0.90348100662231
vn 0.00044715037802 0.99999803304672 0.00193125009537
vn -0.00002560118628 0.41225323081017 0.91106933355331
vn -0.00189336936455 0.00046545485384 0.99999809265137
vn 0.99763965606689 -0.04733664169908 -0.04974235221744
vn 0.99904358386993 -0.043715570122 -0.00092847173801
vn -0.9321221113205 0.36213877797127 -0.00197874265723
vn -0.70001757144928 0.71403259038925 -0.01152307074517
vn -0.99902242422104 -0.04353440925479 0.00768006499857
vn -0.35565981268883 0.40387228131294 0.84284830093384
vn -0.0105600701645 0.33415710926056 0.94245821237564
vn -0.52922648191452 0.84837555885315 -0.0133496504277
vn -0.99999105930328 0.00196849089116 0.00373623822816
vn -0.00523262890056 0.81103897094727 0.58496874570847
vn -0.00473518576473 0.98621207475662 0.16541869938374
vn -0.99653160572052 0.08318907022476 0.00207948009484
vn -0.99479359388351 0.1018178164959 0.00434603868052
vn -0.00749629503116 0.99994146823883 0.00779834482819
vn 0.00267411023378 0.99986410140991 0.01626574061811
vn -0.00047066310071 0.97429949045181 0.22525590658188
vn 0.00077729730401 0.97699892520905 0.21324293315411
vn 0.0031138304621 0.99986100196838 0.01637788489461
vn -0.00126364955213 0.79252946376801 0.60983228683472
vn 0.00127947516739 0.80209678411484 0.59719270467758
vn -0.00063592364313 0.3398272395134 0.94048768281937
vn 0.00045251677511 0.35492986440659 0.93489283323288
vn -0.99240869283676 0.11121956259012 0.05248954892159
vn 0.00047396862647 0.31632342934608 0.94865125417709
vn 0.06621287763119 0.99775433540344 0.01010741200298
vn 0.06652417778969 0.99776554107666 0.0062027592212
vn 0.03232699632645 0.99947440624237 -0.00241475249641
vn 0.02166721224785 0.99975794553757 -0.00382235879079
vn -0.9461904168129 0.32361024618149 -0.00032684599864
vn -0.93788325786591 0.34694826602936 -0.00137307518162
vn -0.00615926086903 0.99998104572296 0.00016821736062
vn -0.05929747223854 0.9982402920723 0.00043151748832
vn -0.05929329618812 0.99824059009552 0.00014764833031
vn -0.00640875101089 0.99997925758362 0.00065577193163
vn 0.92578291893005 0.29102796316147 -0.24130614101887
vn 0.96575462818146 0.06292157620192 -0.2517117857933
vn 0.49657511711121 0.33431947231293 -0.80102664232254
vn 0.87204831838608 0.04365536570549 -0.48746889829636
vn 0.03519794344902 0.99867469072342 -0.03754923120141
vn 0.50714945793152 0.85207283496857 -0.12950403988361
vn 0.02085201628506 0.86727219820023 -0.4973973929882
vn 0.33153647184372 0.80184024572372 -0.49712753295898
vn 0.01602114737034 0.30800834298134 -0.95124876499176
vn 0.01396592799574 0.05796924978495 -0.99822068214416
vn 0.02505422383547 0.05943657830358 -0.99791759252548
vn -0.00080156984041 0.3193431198597 -0.94763880968094
vn 0.00230857706629 0.05023160949349 -0.99873495101929
vn -0.00155996903777 0.99808424711227 -0.06185011565685
vn -0.00403901794925 0.85997575521469 -0.51031893491745
vn 0.0006405103486 0.99752277135849 -0.07034104317427
vn -0.00389096257277 0.99771875143051 -0.06739553064108
vn -0.00958030764014 0.99577778577805 -0.09129509329796
vn 0.00037154738675 0.97733646631241 0.21169154345989
vn 0.00081972364569 0.7949138879776 0.60672175884247
vn 0.9555452466011 0.29484128952026 -0.00138177012559
vn -0.01163082476705 0.99990898370743 -0.00683635892347
vn -0.02230821922421 0.99972558021545 -0.0071455729194
vn -0.00030372827314 0.9999783039093 -0.00658100796863
vn 0.00139829923864 0.46379220485687 -0.88594287633896
vn 0.00790623109788 0.42599946260452 -0.90468889474869
vn 0.01245952490717 0.40362313389778 -0.91484051942825
vn 0.00274870870635 0.8608306646347 -0.50888407230377
vn 0.01060698088259 0.85393714904785 -0.52026808261871
vn 0.00735645135865 0.84094524383545 -0.54107022285461
vn -0.00024895608658 0.99971181154251 0.02400564402342
vn -0.00230108341202 0.98696136474609 -0.16094097495079
vn 0.0036544862669 0.82577878236771 -0.56398230791092
vn -0.00120750605129 0.98029893636703 -0.19751587510109
vn -0.000448876468 0.81427270174026 -0.58048236370087
vn 0.00620318297297 0.99996066093445 -0.00633924733847
vn 0.01206150557846 0.99990898370743 -0.00604262854904
vn 0.00475924974307 0.49362006783485 -0.86966460943222
vn 0.0100689297542 0.5077651143074 -0.86143672466278
vn 0.02135433070362 0.97387248277664 -0.226089194417
vn 0.02539646998048 0.80841487646103 -0.58806496858597
vn 0.01604246348143 0.99062889814377 -0.13563577830791
vn 0.0256571508944 0.81039208173752 -0.58532589673996
vn 0.00124385685194 0.32656931877136 -0.94517242908478
vn -0.00199181190692 0.04788747057319 -0.99885076284409
vn 0.00518498150632 0.30380100011826 -0.95272141695023
vn -0.00257948646322 0.05812943354249 -0.99830573797226
vn 0.00685078464448 0.27780997753143 -0.96061164140701
vn 0.00010645532166 0.06446968019009 -0.99791967868805
vn -0.99916422367096 -0.00191681820434 0.04083094373345
vn -0.99925220012665 -0.00048508847249 0.03866251558065
vn -0.99999976158142 0.00001018953117 0.00068182090763
vn -0.99999988079071 0.0000933553456 0.00041971317842
vn 0.00536865182221 0.26549658179283 -0.96409684419632
vn 0.00097280053888 0.05507673695683 -0.99848163127899
vn 0.00080735381925 0.26992923021317 -0.9628798365593
vn 0.00113075692207 0.03679981455207 -0.99932199716568
vn 0.00962265208364 0.27447029948235 -0.96154743432999
vn 0.00923836324364 0.26253032684326 -0.96487951278687
vn -0.00695727858692 0.04889788106084 -0.99877953529358
vn -0.00757342856377 0.03644935786724 -0.99930679798126
vn -0.92833203077316 0.37174242734909 -0.00267788604833
vn -0.05647097155452 0.99761748313904 -0.0396286547184
vn -0.0071628484875 0.99739134311676 -0.07182796299458
vn -0.18386772274971 0.87577956914902 -0.44632139801979
vn -0.01001381222159 0.83495676517487 -0.55022442340851
vn -0.00921234395355 0.27984461188316 -0.96000111103058
vn -0.3012797832489 0.3237384557724 -0.89689683914185
vn -0.27607724070549 0.04556845501065 -0.96005463600159
vn -0.00657254038379 0.04803159832954 -0.99882417917252
vn -0.81430315971375 0.36157569289207 -0.45406317710876
vn -0.85604971647263 0.05902833864093 -0.51351195573807
vn -0.47929635643959 0.87706387042999 -0.03215612098575
vn -0.50987213850021 0.8177307844162 -0.26710814237595
vn -0.93859732151032 0.34334015846252 -0.03394964337349
vn -0.99806797504425 0.05500096455216 -0.02890030480921
vn -0.93784719705582 0.347048163414 0.0004128847213
vn -0.99892961978912 0.04624050110579 -0.00118347560056
vn -0.93177831172943 0.3630268573761 0.00079930818174
vn -0.99904942512512 0.04359110444784 0.00011546684254
vn -0.48517924547195 0.87441420555115 0.00091732520377
vn -0.4930112361908 0.87002241611481 0.00097392132739
vn -0.99972152709961 0.01831810921431 0.01487625949085
vn -0.00003137042222 -0.99523025751114 0.09755399078131
vn 0.0007045964594 -0.99519640207291 0.09789580106735
vn 0.00144056300633 -0.99516195058823 0.09823755174875
vn 0.99903464317322 0.04273744672537 0.01016060821712
vn 0.99887359142303 0.04737256094813 -0.00271219946444
vn 0.99965786933899 -0.00137643935159 -0.02611926011741
vn 0.00003181227294 0.99988526105881 -0.01514615770429
vn 0.00000599654823 0.99988514184952 -0.0151550648734
vn -0.00000133719641 0.99983298778534 -0.01827544532716
vn 0.00001156878807 0.99983316659927 -0.01826501823962
vn -0.99908947944641 0.04266287758946 0.00027461562422
vn 0.00003458479841 0.99931961297989 -0.03688191995025
vn 0.00005158058411 0.99932020902634 -0.03686556592584
vn -0.00003078130248 0.99713611602783 -0.07562774419785
vn 0.00001052200878 0.9971370100975 -0.07561589032412
vn -0.00008480426186 0.99103409051895 -0.13360916078091
vn -0.00020767949172 0.99104177951813 -0.13355222344398
vn -0.00013023454812 0.97467547655106 -0.22362397611141
vn -0.00016135860642 0.97472459077835 -0.22340974211693
vn -0.88886797428131 0.43493211269379 -0.14404112100601
vn -0.85017669200897 0.5139964222908 -0.11404960602522
vn -0.93406009674072 0.33640143275261 -0.1198573037982
vn -0.9513310790062 0.2923908829689 -0.09734845161438
vn 0.00022045684454 0.96125102043152 -0.27567440271378
vn -0.01876942254603 0.96187788248062 -0.27283447980881
vn -0.0092834206298 0.94703710079193 -0.32098987698555
vn 0.000794556865 0.94656419754028 -0.3225145637989
vn 0.0000430920154 0.9449759721756 -0.32713979482651
vn 0.00011059230746 0.94271564483643 -0.33359730243683
vn 0.82877320051193 0.54494470357895 -0.12716223299503
vn 0.86611717939377 0.47214263677597 -0.16408018767834
vn 0.78850448131561 0.61075401306152 -0.07238981872797
vn 0.78398460149765 0.61969602108002 -0.03667441383004
vn 0.85680276155472 0.51207453012466 -0.06057034432888
vn 0.71195691823959 0.70189887285233 -0.02133698388934
vn 0.6728104352951 0.7393171787262 0.0271332487464
vn -0.92909473180771 0.36984118819237 0.00068816175917
vn 0.65939223766327 0.74892294406891 0.06569848954678
vn 0.99915879964828 0.00311149004847 0.04089035838842
vn 0.9900336265564 0.14055694639683 0.00878366082907
vn -0.07710053771734 0.9969967007637 0.00728727364913
vn -0.46147903800011 0.88638991117477 0.03674259781837
vn -0.47914519906044 0.8777351975441 0.00090715760598
vn -0.05924429371953 0.99824327230453 0.00069931225153
vn 0.97712105512619 0.21267426013947 -0.00202701869421
vn 0.99477851390839 0.10161517560482 -0.00949220266193
vn 0.98700684309006 0.1603180617094 -0.01075255684555
vn 0.99982708692551 -0.0183317065239 -0.00311571429484
vn 0.9938942193985 0.11016809940338 -0.00610277336091
vn 0.97149330377579 0.23689644038677 -0.00898997951299
vn 0.99865978956223 0.05151269212365 -0.00501216296107
vn 0.98916655778885 0.14645391702652 -0.01004088670015
vn 0.99987119436264 0.01397139579058 -0.00789988599718
vn 0.99718815088272 0.0733360722661 -0.01541511900723
vn 0.99896746873856 -0.04543028399348 -0.00035797842429
vn 0.99751418828964 -0.05017568171024 -0.04947585985065
vn 0.99904173612595 -0.04376750811934 0.00005532068099
vn 0.07376778125763 0.98849207162857 -0.13206702470779
vn 0.04663683474064 0.99503666162491 -0.08790366351604
vn 0.08345098793507 0.9965118765831 -0.00020935060456
vn -0.00802038237453 0.99996310472488 -0.00306837609969
vn -0.00582718849182 0.99998080730438 -0.00211169407703
vn 0.08513906598091 0.99636906385422 -0.0001396278094
vn 0.08421877771616 0.99644726514816 -0.0000727186416
vn 0.08244328200817 0.9965957403183 -0.00006234103785
vn 0.07166796177626 0.99742817878723 0.00087241269648
vn 0.06453333050013 0.99791556596756 0.00016112280719
vn 0.07349189370871 0.99725788831711 0.00869673490524
vn -0.94571197032928 0.32500565052032 -0.00044465696556
vn -0.94683861732483 0.32170894742012 0.00012085375056
vn -0.94916838407516 0.31476864218712 0.00022589297441
vn -0.95282965898514 0.30350384116173 0.00103134848177
vn -0.96262568235397 0.27078121900558 0.00541619537398
vn -0.96634322404861 0.25725591182709 -0.00037635242916
vn -0.95827025175095 0.28585520386696 -0.00221442431211
vn -0.95318150520325 0.30235752463341 0.00499760592356
vn -0.00648116320372 0.99997895956039 -0.00012826368038
vn -0.05893722176552 0.99826169013977 -0.00011544914742
vn -0.00652000308037 0.99997872114182 0.00019372919633
vn -0.0588764436543 0.99826526641846 0.00020633764507
vn -0.00668274844065 0.99997746944427 0.00067761726677
vn -0.05783805623651 0.99832558631897 0.00091118481942
vn -0.00666110869497 0.99997764825821 0.00053617404774
vn -0.05688898637891 0.99838048219681 0.00027159653837
vn -0.00530734006315 0.99998450279236 0.00167092296761
vn -0.05820481106639 0.99830377101898 -0.0013372793328
vn -0.00414791470394 0.99999123811722 -0.00053221773123
vn -0.05993122234941 0.99820226430893 -0.00072741589975
vn 0.00447720382363 0.17466233670712 0.98461818695068
vn 0.01162672787905 0.15328799188137 0.98811316490173
vn -0.48056000471115 0.87696176767349 -0.00037026757491
vn -0.47969102859497 0.87743723392487 0.00069480674574
vn -0.47601649165154 0.87943553924561 0.00119947129861
vn -0.47162535786629 0.8817988038063 0.00064940215088
vn -0.47355505824089 0.88076257705688 -0.00169749744236
vn -0.47966432571411 0.87745070457458 -0.00155105942395
vn -0.00752764428034 0.99997162818909 0.00036136907875
vn 0.01889003813267 0.99601083993912 -0.08721020817757
vn -0.00423473864794 0.99999052286148 0.00102124270052
vn -0.99898588657379 0.04502483457327 -0.00012455160322
vn -0.92884254455566 0.37047228217125 -0.00133755605202
vn 0.00062416848959 0.23362568020821 0.97232639789581
vn -0.99889194965363 0.04706153273582 -0.00017889114679
vn -0.92607998847961 0.37732529640198 -0.00123304012232
vn -0.99883937835693 0.04816498607397 0.0001031162974
vn -0.92537778615952 0.37904572486877 0.00057143886806
vn -0.99889069795609 0.04708871245384 0.00001258695647
vn -0.92740195989609 0.37406533956528 0.00085594883421
vn -0.99901133775711 0.0444557517767 0.00002597494313
vn -0.9297336935997 0.36823204159737 0.00062306277687
vn -0.9990268945694 0.04410473629832 0.00000890367755
vn -0.93005514144897 0.36741986870766 -0.00034081438207
vn -1 0 0
vn -0.99999713897705 -0.00120396807324 0.00206535821781
vn 0.00165496359114 0.99999594688416 0.00231866282411
vn -1 -0.00006037962521 -0.00013952223526
vn -0.99999952316284 -0.00067227176623 -0.00068652897608
vn -0.99999845027924 -0.00166341010481 -0.00054302887293
vn -0.99999845027924 -0.00158091972116 0.0007810263196
vn -0.99999958276749 -0.00052940146998 0.00077704701107
vn -0.9998077750206 -0.00008145326865 -0.01960600540042
vn -0.99970877170563 -0.00013707343896 -0.02413257956505
vn -0.86505746841431 0.0005614933325 -0.5016725063324
vn -0.85568523406982 0.0004478924966 -0.51749646663666
vn -0.283881098032 0.00034764432348 -0.95885944366455
vn -0.26989632844925 0.00028014704003 -0.96288937330246
vn -0.00770168239251 -0.00026014057221 -0.9999703168869
vn -0.00841147918254 -0.00024286599364 -0.999964594841
vn -0.00374427251518 0.04569479823112 -0.99894845485687
vn 0 0 -1
vn -0.00415851455182 0.0288405213505 -0.99957537651062
vn -0.00678424257785 0.03922849148512 -0.99920725822449
vn -0.26453673839569 0.03533761948347 -0.9637279510498
vn -0.85012596845627 0.05190958082676 -0.52401453256607
vn -0.99890077114105 0.03741327673197 -0.02823935449123
vn -0.99992030858994 0.01259956974536 -0.00078538130037
vn -0.99999886751175 0.00151796708815 -0.00000355519455
vn -0.99999791383743 0.00205533835106 0.00004923502638
vn -0.99999707937241 0.00242588063702 -0.00003269333683
vn -0.99999868869782 0.00163117924239 -0.00007135335181
vn -0.99999934434891 0.00112058827654 0.00002234178282
vn -0.99999916553497 0.0012823381694 0.00000257817919
vn -0.9999982714653 0.00184365722816 0.00006460030272
vn 0.00054385158001 0.02901365980506 -0.99957889318466
vn 0.00025143258972 0.05333818867803 -0.99857646226883
vn -0.00036618110607 0.06387000530958 -0.99795818328857
vn 0.99651968479156 -0.04138549789786 0.07235849648714
vn -0.00169726309832 0.05083957314491 -0.99870538711548
vn -0.00127431610599 0.03140398859978 -0.99950593709946
vn -0.00017104773724 -0.00002477649468 -1
vn 0.00098657200579 0.03117300383747 -0.99951350688934
vn 0.01386028435081 -0.00014461421233 -0.99990391731262
vn 0.01391453482211 0.04281013831496 -0.9989863038063
vn 0.02797438949347 -0.00025203489349 -0.9996086359024
vn 0.02655616030097 0.04695914313197 -0.99854373931885
vn -0.00119330408052 0.3125256896019 -0.94990855455399
vn -0.00376009964384 0.36984187364578 -0.92908710241318
vn -0.00289188185707 0.34005084633827 -0.94040262699127
vn 0.00210333894938 0.34728822112083 -0.93775606155396
vn -0.98699545860291 0.12498679757118 0.10108564794064
vn 0.88437873125076 0.01583857648075 -0.46650126576424
vn 0.96996545791626 0.03698986023664 -0.24041366577148
vn 0.88507425785065 0.00538030033931 -0.46541875600815
vn 0.97085279226303 0.00286687910557 -0.23965945839882
vn 1 0.00018823315622 0.00000775133958
vn -0.00073160720058 -0.0000328525457 -0.99999976158142
vn -0.00090558128431 -0.00000862401066 -0.99999958276749
vn 0.01479106862098 0.00022326994804 -0.99989056587219
vn 0.01430994272232 0.00016386361676 -0.99989759922028
vn 0.03048407845199 0.00045510893688 -0.9995351433754
vn 0.02934825606644 0.00036054273369 -0.99956917762756
vn 0.87619864940643 0.00022375673871 -0.48195004463196
vn 0.86812835931778 0.00215230882168 -0.49633511900902
vn 0.96647053956985 0.00111347995698 -0.25677505135536
vn 0.96855717897415 0.00011550715863 -0.2487910836935
vn 1 0.00012004968448 0.00007552545867
vn 1 -0.00006693886098 0.00003773136632
vn 1 0.00009505762864 -0.00002653155025
vn 0.99999970197678 -0.00040692882612 0.0006288922159
vn 0.99999976158142 -0.00049218517961 0.00043387492769
vn 1 0 0
vn 1 0.00001034493016 0.0000081313965
vn 0.99999874830246 -0.00156890077051 0.00003021485099
vn 0.99999505281448 -0.00313779735006 0.00006042962559
vn 0.99999684095383 -0.00045898134704 -0.00248241028748
vn 0.99999892711639 -0.00122550863307 -0.00083385390462
vn 0.99999922513962 -0.00119852821808 0.00041085950215
vn 0.99999678134918 -0.00239705503918 0.00082171848044
vn 0.99080681800842 -0.13528421521187 0.00003800167178
vn 0.99077028036118 -0.13555140793324 0.000301435648
vn 0.95465642213821 -0.14300565421581 -0.26111406087875
vn 0.99999815225601 0.00045138568385 -0.00187730288599
vn 0.99999952316284 -0.00042988872156 -0.00084935250925
vn 0.96763724088669 -0.25233662128448 0.00209691678174
vn 0.96686375141144 -0.25529262423515 -0.00044517498463
vn 1 0.00001939908907 0.00000060765842
vn 1 0.00000905415891 -0.00000752373808
vn -0.05039404332638 0.24389016628265 -0.9684926867485
vn -0.03127382323146 0.28130725026131 -0.95910799503326
vn -0.09702831506729 0.24006558954716 -0.96589547395706
vn 0.99998611211777 -0.00365115702152 0.00380236445926
vn 0.99971669912338 -0.00814638286829 -0.0223631337285
vn 0.00392204988748 0.27095532417297 0.96258395910263
vn 0.99999964237213 0.00036712456495 0.00076490076026
vn 0.99999636411667 0.000992793357 0.00250726612285
vn 0.9999988079071 0.00144418433774 -0.00054834113689
vn 0.99996268749237 0.00242370762862 -0.00828876253217
vn 0.96674740314484 -0.25573146343231 -0.00092010188382
vn 0.96827447414398 -0.24988187849522 -0.00188958109356
vn 0.96785748004913 -0.25149887800217 -0.00049254548503
vn 0.96397942304611 -0.26596435904503 -0.00256726704538
vn 0.14448203146458 -0.03607533127069 -0.98884958028793
vn 0.10528369247913 -0.08675739914179 -0.99065053462982
vn 0.14931291341782 -0.05283382162452 -0.98737746477127
vn 0.31287413835526 -0.94977760314941 -0.00568436272442
vn 0.33694934844971 -0.94148451089859 -0.00848483480513
vn 0.28211829066277 -0.95937961339951 0.00000433891591
vn 0.27562779188156 -0.96126008033752 0.00288883666508
vn 0.32254776358604 -0.01867475919425 0.946368932724
vn 0.22021546959877 -0.07631706446409 0.9724612236023
vn 0.30201917886734 -0.04340369254351 0.9523132443428
vn 0.99999248981476 -0.00386869441718 -0.00002478965871
vn 0.9999925494194 -0.00386670790613 0.00006985485379
vn 0.9999960064888 -0.002835505642 0.00001849691216
vn 0.99999833106995 -0.00180628756061 -0.0001275055547
vn 0.38647612929344 0.00211098557338 0.92229700088501
vn 0.38045227527618 0.00012990596588 0.92480057477951
vn 0.00730278156698 -0.00046601024223 0.9999732375145
vn -0.00383070646785 0.00207091728225 0.99999052286148
vn 0 0 1
vn -0.00482240971178 0.00404388643801 0.99998021125793
vn -0.00037416649866 0.0001390199177 0.99999994039536
vn 0.00477556232363 0.00194533006288 0.99998670816422
vn -0.00210039061494 0.00076783954864 0.99999749660492
vn -0.00414417264983 0.00042385488632 0.99999129772186
vn -0.00345245189965 0.00125764065888 0.99999326467514
vn -0.00514312041923 -0.00064853276126 0.99998658895493
vn -0.00081172084901 -0.00379514996894 0.99999248981476
vn -0.01192216854542 -0.00579334655777 0.9999121427536
vn -0.00308687612414 -0.00097090762574 0.99999475479126
vn -0.00915630999953 0.00165453157388 0.99995672702789
vn -0.38027831912041 0.00017883295368 0.92487210035324
vn -0.00927504431456 -0.18834547698498 0.98205906152725
vn -0.35146170854568 -0.29317310452461 0.88911426067352
vn -0.36809754371643 0.00140988058411 0.92978608608246
vn -0.00986843835562 0.00352550297976 0.99994510412216
vn -0.98795014619827 0.0179027877748 0.15373349189758
vn -0.9869344830513 -0.00983304344118 0.16082184016705
vn 0.00027815921931 -0.99069458246231 0.13610339164734
vn 0.00088102719747 -0.98840707540512 0.15182442963123
vn -0.00523448828608 -0.98386931419373 0.17881198227406
vn -0.01195172313601 -0.98169481754303 0.190085247159
vn 0.98641473054886 0.01156932674348 0.1638662815094
vn 0.98705112934113 0.00756893958896 0.16022735834122
vn 0.00356606347486 0.00587510131299 0.99997639656067
vn 0.00173809134867 0.28086459636688 0.95974582433701
vn 0.00376549339853 0.28130450844765 0.95961117744446
vn 0.0075845415704 0.00668447557837 0.99994891881943
vn -0.00113197707105 0.00477543799207 0.99998795986176
vn -0.00091850821627 0.27950832247734 0.96014285087585
vn -0.00181147910189 0.0044852453284 0.99998831748962
vn -0.00154706544708 0.27859324216843 0.96040797233582
vn 0.98574906587601 0.0155693711713 0.16750034689903
vn -0.00243902299553 0.06276226788759 0.99802553653717
vn -0.00145985139534 -0.07965241372585 0.996821641922
vn -0.00105983868707 0.06146551668644 0.99810862541199
vn -0.0005934741348 -0.07885511219501 0.99688589572906
vn -0.9881551861763 0.04562392830849 0.14651896059513
vn 0.00152131984942 -0.20769645273685 0.9781921505928
vn 0.0008816253976 -0.21322405338287 0.97700291872025
vn -0.9999920129776 -0.00020235833654 0.00399266975001
vn -0.99999994039536 0.00007213137724 -0.00029026324046
vn -0.99999910593033 -0.00071968103293 -0.00111636030488
vn -0.99999386072159 -0.00332681648433 -0.0010860565817
vn -0.99999380111694 -0.00316183711402 0.00156205147505
vn -0.99999922513962 -0.00070586882066 0.00103606283665
vn -0.99988895654678 0.00121860764921 -0.01485062949359
vn -0.87399959564209 -0.0033387504518 -0.48591521382332
vn -0.29704454541206 -0.00397998513654 -0.95485532283783
vn -0.00881491787732 0.00036285925307 -0.99996107816696
vn 0.00002492040949 -0.00001985393828 -1
vn 0.00004984081897 -0.00003970787657 -1
vn -0.99962174892426 -0.0022218353115 0.02741303108633
vn -0.9074809551239 -0.00151125830598 0.42009052634239
vn -0.90815603733063 0.00048160011647 0.41863152384758
vn -0.99987900257111 -0.00030939368298 0.01555125135928
vn -0.82850176095963 -0.39575579762459 0.39618444442749
vn 0.96641385555267 -0.25662785768509 0.01365481782705
vn 0.88334828615189 -0.24728861451149 0.39817595481873
vn 0.36950641870499 -0.24196727573872 0.89717155694962
vn 0.00977139640599 -0.22542650997639 0.97421115636826
vn 0.00121009664144 -0.21813075244427 0.97591882944107
vn 0.50304681062698 -0.17315343022346 -0.84673595428467
vn 0.01390534918755 -0.16808249056339 -0.98567485809326
vn -0.00394659489393 -0.17253525555134 -0.98499542474747
vn 0.00173425278626 -0.15512084960938 -0.98789399862289
vn 0.00240521272644 -0.15995873510838 -0.98712074756622
vn -0.31654772162437 -0.14870958030224 -0.93684738874435
vn -0.00678780535236 -0.13485768437386 -0.99084174633026
vn -0.87418454885483 -0.18360508978367 -0.44954484701157
vn -0.98251616954803 -0.18608130514622 -0.00597335631028
vn -0.97387886047363 -0.22704048454762 0.00354554341175
vn -0.96853387355804 -0.24887757003307 0.00142997934017
vn -0.94501906633377 -0.32701516151428 0.00021555491548
vn -0.94541144371033 -0.3258752822876 -0.00158538680989
vn -0.9435430765152 -0.33124721050262 0.00133499316871
vn -0.94383871555328 -0.33040317893028 -0.00150522449985
vn -0.95098859071732 -0.30922576785088 0.00035603562719
vn -0.94209951162338 -0.33130380511284 0.05182980746031
vn -0.13708838820457 -0.03871554881334 -0.98980194330215
vn -0.09286997467279 -0.04610665142536 -0.9946101307869
vn -0.12625049054623 -0.0101883886382 -0.99194610118866
vn -0.07887396216393 -0.99688196182251 -0.00228815549053
vn -0.0797817632556 -0.99681109189987 -0.00159934803378
vn -0.1026194319129 -0.99471092224121 0.00440781051293
vn -0.99991071224213 -0.01329559646547 -0.00133354309946
vn -0.99990421533585 -0.01383289135993 -0.00041844884981
vn -0.99986088275909 -0.01630559936166 0.00351906893775
vn -0.99981224536896 -0.01824081875384 0.00654144678265
vn -0.07887420803308 -0.03015882521868 0.99642825126648
vn -0.11493654549122 -0.01284765452147 0.99328976869583
vn -0.11263429373503 0.00053262786241 0.9936363697052
vn -0.12449671328068 -0.99217236042023 0.00972389616072
vn -0.04816433414817 -0.99883842468262 0.00139338930603
vn -0.04957931116223 -0.99876827001572 0.00195125199389
vn -0.04685329273343 -0.99890178442001 -0.00006965108332
vn -0.04695729911327 -0.99889642000198 -0.00097482535057
vn -0.99246633052826 -0.12250421196222 -0.00180303642992
vn -0.99490165710449 -0.10075766593218 -0.00430727144703
vn -0.99853515625 -0.05408744141459 -0.0014435617486
vn -0.99956655502319 -0.02917747758329 0.00392323173583
vn -0.00637498497963 -0.06463221460581 0.99788880348206
vn -0.06190306693316 -0.04550739005208 0.99704414606094
vn -0.07605172693729 -0.06407100707293 -0.99504321813583
vn -0.00390798924491 -0.06060066074133 -0.99815446138382
vn 0.0791621953249 -0.99682426452637 -0.0086444793269
vn 0.08910784870386 -0.99596166610718 -0.01096091419458
vn 0.06702496856451 -0.99774920940399 -0.00205214880407
vn 0.06484016031027 -0.99789321422577 0.00222288654186
vn 0.17781549692154 -0.09285748749971 0.9796729683876
vn 0.00603457121179 -0.1882042735815 0.98211139440536
vn 0.98034191131592 -0.19718536734581 0.00690774526447
vn 0.98008066415787 -0.19859990477562 -0.0000791663042
vn 0.982754945755 -0.1848917901516 -0.00278054503724
vn 0.98548913002014 -0.16973201930523 0.00150569458492
vn 0.01625828817487 -0.15378624200821 -0.98797035217285
vn 0.08545739203691 -0.11204729229212 -0.99002140760422
vn 0.87089276313782 -0.49140527844429 0.00816606171429
vn 0.86877548694611 -0.49520471692085 0.00119550246745
vn 0.86919832229614 -0.4944603741169 -0.00177903007716
vn 0.87510585784912 -0.48391774296761 -0.0036593361292
vn 0.87337017059326 -0.48705473542213 -0.00147435104009
vn 0.49618831276894 -0.86820352077484 0.00445600831881
vn 0.96329599618912 -0.26844137907028 -0.00000028741502
vn 0.963050365448 -0.26932102441788 0.00044606934534
vn 0.92336463928223 -0.28503221273422 -0.25720489025116
vn 0.478207051754 -0.34040698409081 -0.80959320068359
vn 0.01223924849182 -0.33164486289024 -0.94332492351532
vn -0.00691372388974 -0.33986961841583 -0.94044715166092
vn -0.00000269190787 -0.99999988079071 -0.00042331783334
vn -0.00000089730264 -1 -0.0001411059493
vn 0.00015796859225 -1 -0.00016917000175
vn 0.00010676508828 -0.99999994039536 -0.00033786596032
vn 0.00031728314934 -0.99999994039536 -0.00012668108684
vn 0.00021622207714 -0.99999994039536 -0.0002524140873
vn 0.00023800811323 -1 0.00000621773552
vn 0.00035701214802 -0.99999994039536 0.00000932660259
vn 0.00005844658517 -1 0.00000310768314
vn 0.00029568013269 -0.99999994039536 0.00001960128975
vn -0.98514956235886 -0.14986622333527 -0.08378790318966
vn -0.97489768266678 -0.22037763893604 -0.03175196424127
vn -0.98695969581604 -0.03716583177447 -0.1566182076931
vn -0.98866903781891 0.00299684633501 -0.15008184313774
vn -0.99383765459061 0.00047384039499 -0.11084432154894
vn -0.99505120515823 -0.00110758899245 -0.0993570536375
vn -0.00390353612602 -0.94469732046127 -0.32792037725449
vn -0.00301291630603 -0.93421959877014 -0.35668560862541
vn 0.00255913892761 -0.95401483774185 -0.29974853992462
vn -0.0016779814614 -0.95422577857971 -0.29908254742622
vn -0.00682028895244 -0.96111190319061 -0.27607488632202
vn 0.00036959411227 -0.95926779508591 -0.28249806165695
vn 0.00111139309593 -0.95065486431122 -0.31024834513664
vn 0.98137247562408 0.00073863967555 -0.19211328029633
vn 0.97025722265244 -0.00114283687435 -0.24207349121571
vn 0.99348264932632 0.00202506408095 -0.11396527290344
vn 0.98743748664856 0.00382411014289 -0.15796400606632
vn 0.00013782577298 -0.00014134935918 -1
vn 0.00008175511903 -0.00014149227354 -1
vn 0.00007765727787 -0.00018801246188 -1
vn 0.00010394561832 -0.0000927545334 -1
vn 0.00012765097199 -0.00012411773787 -1
vn 0.00025530194398 -0.00024823547574 -0.99999994039536
vn 0.00002928730828 -0.0001027461185 -1
vn 0.00005857462384 -0.0002054922661 -1
vn -0.00004325285045 -0.00009849137859 -1
vn -0.00008650570089 -0.00019698275719 -1
vn -0.00005453444101 -0.00010807543003 -1
vn -0.00000776046363 -0.00013408929226 -1
vn -0.00019360604347 -0.00011806005932 -1
vn -0.00018459525018 -0.00007199699758 -1
vn -0.00005210468589 -0.00004492594599 -1
vn -0.00010420937178 -0.00008985189197 -1
vn 0.00016689953918 0.00155298598111 -0.9999988079071
vn 0.00033379957313 0.00310597661883 -0.99999511241913
vn 0.00163676310331 -0.25231808423996 -0.96764296293259
vn 0.0008395636105 -0.25229439139366 -0.9676501750946
vn 0.00329360901378 -0.24461598694324 -0.96961444616318
vn 0.00207192124799 -0.24106705188751 -0.97050625085831
vn -0.0012091579847 -0.24139435589314 -0.97042632102966
vn -0.0003450907534 -0.21721072494984 -0.97612464427948
vn -0.00066239829175 -0.19688382744789 -0.98042660951614
vn -0.00067108037183 -0.42421832680702 -0.90555971860886
vn -0.00129306793679 -0.38604590296745 -0.92247867584229
vn 0.00054757029284 -0.83597850799561 -0.54876190423965
vn 0.00323315220885 -0.83316570520401 -0.55301398038864
vn 0.00257499539293 -0.83336853981018 -0.55271172523499
vn 0.00066609698115 -0.83699434995651 -0.54721111059189
vn -0.00019291767967 -0.99494826793671 -0.10038851946592
vn -0.00184499414172 -0.9955068230629 -0.09467185288668
vn 0.00165963044856 -0.99611711502075 -0.08802250027657
vn 0.00330664403737 -0.9969077706337 -0.07851088047028
vn -0.00039355925401 -0.99594020843506 -0.09001614153385
vn 0.00041502341628 -0.99457037448883 -0.10406553000212
vn 0.00146924878936 -0.1198453977704 -0.99279147386551
vn 0.0022809531074 -0.13354218006134 -0.99104052782059
vn 0.00564951496199 -0.08202517777681 -0.99661421775818
vn -0.00360148749314 -0.06941947340965 -0.99758106470108
vn -0.0083352541551 -0.10706999152899 -0.99421656131744
vn 0.00141199829523 -0.12788933515549 -0.99178743362427
vn 0.00082845467841 -0.83623218536377 -0.54837489128113
vn -0.00119199790061 -0.99432301521301 -0.10639671981335
vn 0.00164789729752 -0.12265948206186 -0.99244743585587
vn 0.99068403244019 -0.07713638991117 -0.11222785711288
vn 0.98727744817734 -0.15886178612709 0.00679345056415
vn 0.00337677472271 -0.30645537376404 -0.95187902450562
vn 0.00464885123074 -0.31572189927101 -0.94884037971497
vn -0.00000174889874 -0.99999988079071 -0.00049917935394
vn -0.00000013648163 -0.99999994039536 -0.00024857604876
vn 0.00000707215941 -1 -0.00014357040345
vn -0.00000642979558 -0.99999988079071 -0.0004603183479
vn -0.00004675835589 -0.99999994039536 -0.00038796267472
vn -0.0000964487117 -0.99999994039536 -0.00023788496037
vn -0.00016173550102 -0.99999994039536 -0.00020916410722
vn -0.00008013474871 -0.99999994039536 -0.0002390921436
vn -0.32444250583649 -0.2876210808754 -0.90111660957336
vn -0.00463117426261 -0.26823139190674 -0.96334338188171
vn -0.84392559528351 -0.34920635819435 -0.40724006295204
vn -0.92978703975677 -0.36809712648392 0.00073201209307
vn -0.89677596092224 -0.44243094325066 0.00690915575251
vn -0.8761157989502 -0.48209270834923 0.00276996660978
vn -0.00012916559353 -1 -0.00000478743277
vn -0.00025980712962 -0.99999994039536 -0.00001160219654
vn -0.00024450832279 -0.99999994039536 -0.00000160278069
vn -0.00007228735194 -1 0.00000933479532
vn -0.00016737607075 -1 -0.00006734829367
vn -0.00025106410612 -0.99999994039536 -0.00010102242959
vn 0.00401541404426 0.99999117851257 0.00121243321337
vn 0.00511040957645 0.99998694658279 -0.00013510097051
vn 0.00485158525407 0.99998819828033 -0.00013547291746
vn 0.00484431069344 0.99998825788498 0.00017911111354
vn 0.00510412268341 0.99998694658279 0.00027347597643
vn 0.00563508179039 0.99998378753662 0.00079533352982
vn 0.00777430739254 0.99995785951614 0.00487749418244
vn 0.00923896301538 0.9999572634697 -0.00028769968776
vn 0.006105737295 0.9999685883522 -0.00505697913468
vn 0.00496189575642 0.99991774559021 -0.01182798296213
vn 0.00431761424989 0.00550240138546 0.99997556209564
vn -0.43695348501205 -0.89948403835297 0.0003914257104
vn -0.43792176246643 -0.89901208877563 -0.00133944884874
vn -0.43302544951439 -0.90138059854507 0.00139934138861
vn -0.43382123112679 -0.90099757909775 -0.00157312583178
vn -0.45286026597023 -0.89157867431641 -0.00224435538985
vn -0.00011444794654 -1 -0.00000775839544
vn -0.00004951425581 -1 -0.00001714589962
vn -0.0000813535662 -1 -0.00000097661496
vn -0.00008378539496 -1 0.00000584627378
vn -0.00009893357492 -1 0.00002987806874
vn -0.4277765750885 -0.90200102329254 0.05832137539983
vn -0.22884680330753 -0.81055110692978 0.53910666704178
vn -0.34595441818237 -0.92277532815933 0.16970930993557
vn -0.00679219001904 -0.37150901556015 0.92840451002121
vn -0.00269965082407 -0.99993753433228 -0.01084734685719
vn -0.00297923805192 -0.99999409914017 0.00170851312578
vn -0.00166159460787 -0.99997305870056 0.00715123629197
vn -0.00294361729175 -0.41458097100258 0.91000765562058
vn -0.00405513495207 -0.42405340075493 0.90562808513641
vn -0.00122564937919 -0.42483884096146 0.90526813268662
vn -0.00044494535541 -0.41083166003227 0.91171109676361
vn -0.00003301916149 -0.99992710351944 0.01207352522761
vn -0.00006471817323 -0.99999994039536 0.00025834015105
vn -0.00004975173579 -0.99992579221725 0.01218384318054
vn -0.00003758391176 -0.99999994039536 0.0002532597573
vn -0.00001529793553 -0.99992525577545 0.01222469471395
vn 0.00000367978555 -0.99999994039536 0.00025185468257
vn 0.00000444714351 -0.99992728233337 0.01206050440669
vn -0.00007701565482 -0.99999994039536 0.00026139226975
vn 0.00304200151004 -0.40630623698235 0.91373187303543
vn 0.00172270915937 -0.41664296388626 0.90906858444214
vn 0.00236193509772 -0.42575994133949 0.9048330783844
vn 0.02189936302602 -0.87973642349243 0.47495710849762
vn 0.00004912554868 -0.99992835521698 0.01197135075927
vn -0.00012030727521 -0.99999994039536 0.00026715584681
vn 0.00002276379018 -0.99992728233337 0.01205893047154
vn -0.0000375095151 -0.99999994039536 0.00026343407808
vn 0.00002956559547 -0.99992614984512 0.01215420477092
vn 0.0000055917003 -0.99999994039536 0.00025699942489
vn 0.00590229826048 -0.99998253583908 0.00031824701
vn 0.25446939468384 -0.68582254648209 0.68183040618896
vn 0.46217778325081 -0.84490263462067 0.26931628584862
vn 0.5069887638092 -0.86193376779556 -0.00570858828723
vn 0.00003220190774 -1 -0.00001778129626
vn 0.00007537861529 -1 -0.00001567313666
vn 0.00011349284614 -1 -0.00002365318687
vn 0.00009874651005 -1 -0.00005413362669
vn 0.00006229957944 -1 0.00000050750015
vn 0.00012846523896 -1 0.0000034476609
vn 0.00006289070006 -1 0.00000136278095
vn 0.0001306055492 -1 0.00000635594097
vn 0.00006213837332 -1 0.00000107042297
vn 0.00012565976067 -1 0.00000319508285
vn 0.00329545862041 -0.9999932050705 0.00163588416763
vn -0.00006519273302 -0.99998933076859 -0.00461604865268
vn -0.00004958112186 -0.99998337030411 -0.00576667208225
vn -0.00001225550932 -0.99996989965439 -0.00776027748361
vn -0.00014727629605 -0.99998360872269 -0.00572044681758
vn -0.00004927679402 -0.99998331069946 -0.00577588798478
vn 0 -1 0
vn -0.00000172360524 -1 -0.00000203143782
vn -0.00000337112692 -0.99998903274536 -0.00467785913497
vn -0.00000344721047 -1 -0.00000406287563
vn 0.0000109009261 -1 0.0000156025144
vn 0.00000533441653 -1 0.00000788721172
vn -0.00000023209341 -1 0.00000017190972
vn -0.00000087755086 -1 0.00000042329845
vn 0.00001009427706 -0.99999237060547 -0.00390981975943
vn 0.00000850294055 -1 -0.00000868374809
vn 0.00508027290925 0.99968671798706 -0.02450918033719
vn -0.00042684838991 0.99992835521698 -0.01196147315204
vn 0.03318798542023 0.94424396753311 -0.32756972312927
vn 0.03159485384822 0.94287145137787 -0.3316553235054
vn 0.02344507910311 0.95249569416046 -0.30364829301834
vn 0.01304247695953 0.97368502616882 -0.22752447426319
vn 0.01590619049966 0.99380493164062 -0.1099945306778
vn 0.0102928513661 0.99901765584946 -0.04310254752636
vn -0.00029141342384 0.99971926212311 -0.02369216457009
vn 0.01987669058144 0.99979358911514 0.00420885812491
vn -0.06664883345366 0.99777626991272 -0.00064244004898
vn -0.09231834858656 0.9956346154213 0.01374729909003
vn -0.03912277519703 0.99903905391693 -0.01975896954536
vn -0.03833827376366 0.99850404262543 -0.03898461163044
vn -0.04846866056323 0.99316078424454 -0.10621912777424
vn -0.05518078431487 0.97574269771576 -0.2118518948555
vn -0.04445212706923 0.95525419712067 -0.29242688417435
vn -0.04336286708713 0.94516324996948 -0.32370674610138
vn -0.05060658603907 0.94358843564987 -0.3272305727005
vn 0.88919788599014 0.44548749923706 -0.10425001382828
vn 0.01278130337596 0.99902749061584 -0.04219779744744
vn 0.00380364852026 0.99401021003723 -0.109220944345
vn 0.00379583658651 0.99986118078232 -0.01622319221497
vn -0.00834914948791 0.99983668327332 0.01602955721319
vn 0.90938693284988 0.39491599798203 -0.13060154020786
vn 0.94170922040939 0.31614223122597 -0.11505581438541
vn -0.93177729845047 0.34476298093796 -0.11370824277401
vn -0.9055905342102 0.39969792962074 -0.14194141328335
vn 0.00165420293342 0.97427237033844 -0.22536782920361
vn 0.69761389493942 0.7152424454689 -0.04198937118053
vn 0.6290687918663 0.77688360214233 -0.02691201120615
vn 0.62586557865143 0.77977967262268 0.01536192558706
vn 0.00591422943398 0.95238476991653 -0.30484142899513
vn 0.00954525917768 0.94465655088425 -0.32792201638222
vn 0.01393231190741 0.94297724962234 -0.33256554603577
vn 0.00031676847721 0.94440841674805 -0.3287744820118
vn 0.00004305691982 0.94193243980408 -0.33580237627029
vn 0.95711189508438 0.27252519130707 -0.09831996262074
vn 0.00003830557398 0.97301024198532 -0.23076198995113
vn 0.00032641278813 0.99054372310638 -0.137197047472
vn 0.00038164344733 0.99700891971588 -0.07728547602892
vn 0.00032401471981 0.99931967258453 -0.03687967732549
vn 0.00141366722528 0.99977785348892 -0.02103018760681
vn -0.00112329015974 0.95303243398666 -0.30286619067192
vn -0.85365617275238 0.4939843416214 -0.16507771611214
vn -0.84429734945297 0.5206179022789 -0.12696056067944
vn -0.84827476739883 0.52525246143341 -0.06737797707319
vn -0.78394466638565 0.62010687589645 -0.02997069247067
vn -0.71200484037399 0.70213401317596 -0.00754411052912
vn -0.72673285007477 0.68665641546249 0.01903352700174
vn 0.90561103820801 0.39943298697472 -0.14255514740944
vn -0.00034808160854 0.97345626354218 -0.22887293994427
vn -0.00224754191004 0.94427496194839 -0.32914999127388
vn 0.00006831895735 0.99065679311752 -0.13637875020504
vn -0.00009509445226 0.99701219797134 -0.07724419236183
vn -0.00001797559707 0.99930465221405 -0.03728562220931
vn -0.00000371827377 0.99983298778534 -0.01827565021813
vn 0.9147008061409 0.3869951069355 -0.11643550544977
vn -0.81452637910843 0.5769670009613 -0.06046389043331
vn -0.00000234752156 0.94616687297821 -0.32367929816246
vn -0.00045759355999 0.94626933336258 -0.32337921857834
vn -0.00611279066652 0.94480675458908 -0.32757103443146
vn -0.00091392738977 0.94823801517487 -0.31755915284157
vn -0.01118243858218 0.95628398656845 -0.29222568869591
vn -0.76293408870697 0.64565241336823 -0.0326263345778
vn -0.76272791624069 0.64658844470978 -0.01302023418248
vn -0.81025540828705 0.58555865287781 0.02464233338833
vn -0.83108884096146 0.55402654409409 0.04843467101455
vn 0.04309805482626 0.99889892339706 0.01853365078568
vn -0.75103712081909 0.65934973955154 0.03465775027871
vn 0.00294286222197 0.99978196620941 -0.02067403867841
vn 0.63464146852493 0.77119183540344 0.0499338246882
vn -0.00968762207776 0.99935138225555 0.03468347713351
vn -0.00000742257726 0.99988794326782 -0.01497171353549
vn -0.00453325593844 0.9406995177269 -0.33921065926552
vn -0.06462903320789 0.97221434116364 -0.22499416768551
vn -0.03131617233157 0.9540393948555 -0.29804053902626
vn -0.02683818712831 0.99064958095551 -0.13376520574093
vn 0.00459878519177 0.99827319383621 -0.05856205150485
vn 0.01582061126828 0.99957156181335 -0.02462451905012
vn 0.01953990757465 0.99971663951874 0.01359395403415
vn 0.01579478941858 0.99898147583008 0.04226692020893
vn -0.00555628584698 0.95194655656815 -0.30621385574341
vn 0.02237464301288 0.94525253772736 -0.32557192444801
vn -0.00021721761732 0.97370260953903 -0.22782278060913
vn 0.00021767706494 0.99064445495605 -0.13646791875362
vn 0.000305340247 0.99695175886154 -0.07801976799965
vn 0.00018080045993 0.99928212165833 -0.03788350522518
vn -0.00004132915637 0.99983024597168 -0.01842645741999
vn -0.00002228709491 0.99988675117493 -0.0150496121496
vn 0.03255699202418 0.94640308618546 -0.32134279608726
vn -0.00054528622422 0.9548048377037 -0.29723289608955
vn -0.04971474409103 0.94938886165619 -0.31014394760132
vn -0.04776674509048 0.9451739192009 -0.32305505871773
vn -0.0417262762785 0.97586613893509 -0.214345946908
vn -0.02087011560798 0.99414432048798 -0.10602597892284
vn -0.00508555956185 0.99847054481506 -0.05505169928074
vn 0.00204141857103 0.99973905086517 -0.02275106497109
vn 0.00576788000762 0.99987322092056 0.01484035793692
vn 0.00660236692056 0.99920094013214 0.03942013159394
vn -0.04692406579852 0.94769340753555 -0.31571409106255
vn 0.00045289818081 0.94606405496597 -0.32397928833961
vn -0.00001542706559 0.9742933511734 -0.22528314590454
vn 0.00056462700013 0.94563263654709 -0.32523620128632
vn -0.00003844978346 0.99089258909225 -0.13465447723866
vn -0.00007042979996 0.99709302186966 -0.07619358599186
vn 0.00003682210081 0.99931401014328 -0.03703347966075
vn -0.00000059111085 0.99983239173889 -0.01830877177417
vn 0.00000553191467 0.9998853802681 -0.01513917278498
vn 0.00296363630332 0.94525808095932 -0.32631021738052
vn -0.00025414733682 0.97451573610306 -0.22431895136833
vn 0.00157827162184 0.9520303606987 -0.30599948763847
vn -0.00021570675017 0.99334168434143 -0.11520516127348
vn -0.00048645079369 0.9989994764328 -0.0447189360857
vn -0.00008021518443 0.99996870756149 -0.00791377853602
vn -0.00005407620483 0.99985373020172 0.01710352301598
vn 0.00002897183549 0.9997570514679 0.02204166352749
vn 0.00461790570989 0.95921641588211 -0.28263506293297
vn 0.00072949199239 0.94487982988358 -0.32741647958755
vn -0.0000991101042 0.97462630271912 -0.22383819520473
vn 0.00003807145185 0.99102640151978 -0.13366606831551
vn -0.00007208458555 0.99713522195816 -0.07563959807158
vn 0.00001758900726 0.99931901693344 -0.03689828142524
vn -0.00001424318089 0.9998328089714 -0.01828587241471
vn -0.00001981917376 0.99988502264023 -0.0151639720425
vn -0.00272252573632 0.94662088155746 -0.32233759760857
vn 0.05464676767588 0.9754147529602 -0.21349431574345
vn 0.04873315989971 0.95439791679382 -0.29453310370445
vn -0.01936345547438 0.94741153717041 -0.31943133473396
vn -0.03775237128139 0.96214973926544 -0.26989379525185
vn 0.01737163215876 0.99293041229248 -0.11741998046637
vn -0.00324132759124 0.99844348430634 -0.05567880347371
vn 0.02480108477175 0.99899435043335 -0.03735283389688
vn 0.05495572835207 0.99844354391098 0.00950611010194
vn 0.05534333735704 0.99660074710846 0.06102536246181
vn 0.02558650262654 0.94459146261215 -0.32724958658218
vn -0.00079122855095 0.96231418848038 -0.27193889021873
vn -0.00030992840766 0.98614394664764 -0.16589173674583
vn -0.00032030255534 0.99128824472427 -0.13171008229256
vn -0.00031588049023 0.99721962213516 -0.07451833039522
vn -0.0002351871226 0.99933558702469 -0.03644658997655
vn -0.00001776216595 0.99983900785446 -0.01794227771461
vn 0.00013349500659 0.99989300966263 -0.01462599169463
vn 0.02650012262166 0.94148474931717 -0.33601215481758
vn -0.95281511545181 0.28868898749352 -0.09381902962923
vn -0.95242744684219 0.28744518756866 -0.10127807408571
vn 0.95337790250778 0.28619623184204 -0.09571987390518
vn 0.9532807469368 0.28907355666161 -0.08770558983088
vn -0.9400617480278 0.32377848029137 -0.10701139271259
vn 0.94195777177811 0.31938388943672 -0.10348648577929
vn -0.92719727754593 0.36498925089836 -0.08419036865234
vn 0.92966479063034 0.35903385281563 -0.08257143944502
vn -0.9157201051712 0.39876160025597 -0.04945585876703
vn 0.91839104890823 0.3928170800209 -0.0474620051682
vn -0.86971127986908 0.49267894029617 -0.02949087135494
vn 0.87375581264496 0.48565617203712 -0.02624615468085
vn -0.77903544902802 0.62677961587906 -0.01584769040346
vn 0.77666544914246 0.62983441352844 -0.00996896065772
vn -0.68847519159317 0.72519212961197 -0.00991219375283
vn 0.66303473711014 0.74856334924698 -0.00614737579599
vn -0.65554457902908 0.75506997108459 -0.01142759155482
vn 0.61567407846451 0.78791040182114 -0.01194232236594
vn -0.96829229593277 0.23672181367874 -0.07982955873013
vn -0.96353793144226 0.2520318031311 -0.08985877037048
vn 0.97786915302277 0.19872730970383 -0.06541684269905
vn 0.96738922595978 0.24219518899918 -0.07415936887264
vn -0.92581474781036 0.36027008295059 -0.1143349930644
vn 0.98332357406616 0.17301370203495 -0.05604483932257
vn -0.87872606515884 0.46407616138458 -0.11168633401394
vn 0.97850745916367 0.20070205628872 -0.04734835401177
vn -0.9700083732605 0.23225562274456 -0.07170164585114
vn -0.93964964151382 0.32374605536461 -0.11066651344299
vn 0.92683827877045 0.36609989404678 -0.08331681787968
vn 0.96267336606979 0.257513910532 -0.08334631472826
vn 0.91316109895706 0.40390357375145 -0.0547601506114
vn -0.95978021621704 0.26595571637154 -0.08994170278311
vn -0.97635275125504 0.20472896099091 -0.06943611055613
vn 0.97454756498337 0.21233429014683 -0.0719106644392
vn 0.98827391862869 0.14524127542973 -0.04711316898465
vn -0.98643499612808 0.15761366486549 -0.04586885869503
vn 0.94681388139725 0.30638912320137 -0.09833188354969
vn -0.9648494720459 0.25838163495064 -0.0480048134923
vn 0.95412182807922 0.2905288040638 -0.0724188759923
vn -0.92732363939285 0.37069883942604 -0.05150912329555
vn 0.95868843793869 0.28232312202454 -0.03478749096394
vn 0.88461208343506 0.46520739793777 -0.03230322152376
vn 0.8288152217865 0.55926686525345 -0.01690937019885
vn -0.92520928382874 0.37817516922951 -0.03116578795016
vn 0.91385912895203 0.40551570057869 -0.02045655064285
vn -0.92424231767654 0.38172450661659 -0.00790832471102
vn 0.85644167661667 0.51604676246643 -0.01426063571125
vn -0.91262102127075 0.4082288146019 -0.0217269975692
vn 0.84136295318604 0.54045677185059 -0.00385521352291
vn -0.91110634803772 0.41027402877808 -0.03950221464038
vn 0.84260821342468 0.5385017991066 0.00521548697725
vn -0.81340038776398 0.58144450187683 -0.01738043129444
vn -0.83454412221909 0.55048805475235 -0.02233937755227
vn 0.92742455005646 0.37174463272095 -0.04110564291477
vn 0.91986763477325 0.39159670472145 -0.02226189896464
vn -0.78630948066711 0.61758553981781 -0.0174767691642
vn 0.91645497083664 0.39995610713959 -0.01205849461257
vn -0.83049190044403 0.55616492033005 -0.03104374743998
vn 0.93880462646484 0.34408384561539 -0.01588035933673
vn -0.87371081113815 0.48173919320107 -0.06750366836786
vn 0.96667963266373 0.25475457310677 -0.02511197701097
vn -0.79050761461258 0.61184167861938 -0.02733990550041
vn -0.76394194364548 0.64502340555191 -0.01837076805532
vn 0.79520636796951 0.60600340366364 -0.02016827464104
vn -0.7740051150322 0.63310742378235 -0.00954421143979
vn 0.79194265604019 0.6099641919136 -0.02775895595551
vn 0.93538838624954 0.33833068609238 -0.10286349058151
vn 0.9625039100647 0.25773149728775 -0.08462090045214
vn 0.00709838233888 0.35449630022049 -0.93503046035767
vn -0.00154077017214 0.26535233855247 -0.96415024995804
vn -0.00315947760828 0.36227503418922 -0.93206590414047
vn 0.01531667262316 0.27284780144691 -0.96193528175354
vn -0.00122725451365 0.20092143118382 -0.97960656881332
vn -0.00462449574843 0.39925703406334 -0.9168273806572
vn -0.00106829276774 0.19687162339687 -0.98042869567871
vn 0.02369473874569 0.30648416280746 -0.9515808224678
vn 0.04813883081079 0.41197139024734 -0.90992432832718
vn -0.95715934038162 0.28412547707558 -0.05584569647908
vn -0.90559697151184 0.42083877325058 -0.05281008407474
vn -0.84786695241928 0.52868646383286 -0.04015323147178
vn 0.00220713438466 0.11993843317032 0.99277889728546
vn -0.00205296208151 0.03679529950023 0.99932068586349
vn 0.00903967302293 0.06653118133545 0.9977433681488
vn 0.01869483105838 0.14824299514294 0.98877424001694
vn -0.90635979175568 0.39998587965965 -0.13610008358955
vn -0.00346711790189 0.03709037601948 0.99930590391159
vn -0.01428296603262 0.09150324016809 0.99570232629776
vn 0.01018977258354 -0.02582014724612 0.99961465597153
vn 0.00716897146776 -0.01675430499017 0.99983394145966
vn 0.00913155078888 -0.06663028150797 0.99773591756821
vn -0.01523033995181 0.12858991324902 0.99158090353012
vn -0.01030559837818 0.03883418440819 0.99919253587723
vn -0.01511735189706 0.06607864797115 0.99769991636276
vn 0.0010756503325 0.00904863327742 0.99995845556259
vn 0.00110305962153 0.00520776724443 0.99998581409454
vn -0.0006052305107 0.00050569052109 0.99999970197678
vn 0.0066722901538 0.06363575160503 0.99795091152191
vn -0.00557419192046 0.02577425539494 0.99965226650238
vn -0.00634812889621 0.04310408607125 0.99905043840408
vn -0.00043123384239 0.03090393543243 0.99952226877213
vn 0.00904870126396 0.03508326038718 0.9993434548378
vn 0.01071296818554 0.08750676363707 0.99610632658005
vn -0.0078116171062 -0.00616529583931 0.99995046854019
vn -0.01494472380728 0.00330668501556 0.99988287687302
vn 0.00278008542955 0.00250067026354 0.99999302625656
vn 0.01123097538948 0.01503310725093 0.99982392787933
# 1152 normals

vt 0.61209899187088 0.71423304080963 0
vt 0.61270797252655 0.76748096942902 0
vt 0.61335301399231 0.76761502027512 0
vt 0.61187601089478 0.78939300775528 0
vt 0.61304301023483 0.78943699598312 0
vt 0.55923199653625 0.66281598806381 0
vt 0.57718199491501 0.66233199834824 0
vt 0.57747101783752 0.59131103754044 0
vt 0.55957502126694 0.59266799688339 0
vt 0.9446730017662 0.61709600687027 0
vt 0.9446730017662 0.66887599229813 0
vt 0.94790601730347 0.66956299543381 0
vt 0.94790601730347 0.61635202169418 0
vt 0.9446730017662 0.66992402076721 0
vt 0.9446730017662 0.69213402271271 0
vt 0.94790601730347 0.69146800041199 0
vt 0.57977598905563 0.51574701070786 0
vt 0.57978802919388 0.50200402736664 0
vt 0.57731902599335 0.50220102071762 0
vt 0.57735800743103 0.51628601551056 0
vt 0.14107699692249 0.17463600635529 0
vt 0.14851599931717 0.17484498023987 0
vt 0.14913600683212 0.12136805057526 0
vt 0.1413300037384 0.12172198295593 0
vt 0.15117299556732 0.17491698265076 0
vt 0.15126800537109 0.12164902687073 0
vt 0.57769501209259 0.58353000879288 0
vt 0.55925101041794 0.58345198631287 0
vt 0.57754397392273 0.56624901294708 0
vt 0.55925101041794 0.56656301021576 0
vt 0.57753199338913 0.53332602977753 0
vt 0.55921298265457 0.53362601995468 0
vt 0.14881299436092 0.19580006599426 0
vt 0.1513620018959 0.19607901573181 0
vt 0.14105199277401 0.19590902328491 0
vt 0.55924600362778 0.51602703332901 0
vt 0.14104899764061 0.2166360616684 0
vt 0.14878599345684 0.21685802936554 0
vt 0.15134599804878 0.21689808368683 0
vt 0.14106099307537 0.23941397666931 0
vt 0.1487900018692 0.23982799053192 0
vt 0.15097799897194 0.2399810552597 0
vt 0.55926102399826 0.50308203697205 0
vt 0.66795498132706 0.76787799596786 0
vt 0.63968199491501 0.7676750421524 0
vt 0.6385840177536 0.78955399990082 0
vt 0.66768002510071 0.78954601287842 0
vt 0.15128600597382 0.11483407020569 0
vt 0.15122899413109 0.10806202888489 0
vt 0.1490750014782 0.1081839799881 0
vt 0.14912900328636 0.11475706100464 0
vt 0.66787898540497 0.71520298719406 0
vt 0.6399160027504 0.71472299098968 0
vt 0.61693102121353 0.7895439863205 0
vt 0.61749601364136 0.76750802993774 0
vt 0.14837500452995 0.10038101673126 0
vt 0.15089200437069 0.09994208812714 0
vt 0.16906400024891 0.09889507293701 0
vt 0.16931000351906 0.10751903057098 0
vt 0.61796498298645 0.71434104442596 0
vt 0.61758399009705 0.81093001365662 0
vt 0.63809901475906 0.81081700325012 0
vt 0.61117798089981 0.80853402614594 0
vt 0.61330300569534 0.80909901857376 0
vt 0.6673229932785 0.81044900417328 0
vt 0.63812100887299 0.83356404304504 0
vt 0.66729599237442 0.83313900232315 0
vt 0.63679802417755 0.83210599422455 0
vt 0.63691902160645 0.81213402748108 0
vt 0.0145619995892 0.55150103569031 0
vt 0.0123079996556 0.55227398872375 0
vt 0.0124679999426 0.56875801086426 0
vt 0.0145619995892 0.56892800331116 0
vt 0.43411999940872 0.59825801849365 0
vt 0.43411999940872 0.61752998828888 0
vt 0.45059099793434 0.61752998828888 0
vt 0.45059099793434 0.59825801849365 0
vt 0.59569501876831 0.83473801612854 0
vt 0.59779298305511 0.83462500572205 0
vt 0.59816998243332 0.81815898418427 0
vt 0.59569501876831 0.81756496429443 0
vt 0.21931700408459 0.95213001966476 0
vt 0.21977500617504 0.95463299751282 0
vt 0.23904700577259 0.95450001955032 0
vt 0.23928399384022 0.95213001966476 0
vt 0.6112869977951 0.83422696590424 0
vt 0.6135870218277 0.83415901660919 0
vt 0.30779299139976 0.11387598514557 0
vt 0.30775800347328 0.10696506500244 0
vt 0.26250499486923 0.10704898834229 0
vt 0.26249998807907 0.11387705802917 0
vt 0.9446730017662 0.70911002159119 0
vt 0.94790601730347 0.71060001850128 0
vt 0.9446730017662 0.73584800958633 0
vt 0.94790601730347 0.73624104261398 0
vt 0.40711200237274 0.59911400079727 0
vt 0.40742599964142 0.60119104385376 0
vt 0.4267669916153 0.60118699073792 0
vt 0.42711201310158 0.59911400079727 0
vt 0.61950999498367 0.81220400333405 0
vt 0.61772698163986 0.83397001028061 0
vt 0.61960601806641 0.83219003677368 0
vt 0.68493098020554 0.83288097381592 0
vt 0.66680198907852 0.85299599170685 0
vt 0.68460899591446 0.85259300470352 0
vt 0.68501198291779 0.81023800373077 0
vt 0.63867998123169 0.85321301221848 0
vt 0.68513798713684 0.7895040512085 0
vt 0.16952000558376 0.11400997638702 0
vt 0.68506401777267 0.76800000667572 0
vt 0.55922400951386 0.85221898555756 0
vt 0.57705497741699 0.85223001241684 0
vt 0.6847950220108 0.71547603607178 0
vt 0.61779600381851 0.85315799713135 0
vt 0.667828977108 0.88794499635696 0
vt 0.68518197536469 0.88818299770355 0
vt 0.70185399055481 0.88798201084137 0
vt 0.70188099145889 0.8517119884491 0
vt 0.70150601863861 0.83200001716614 0
vt 0.701808989048 0.80953502655029 0
vt 0.70174998044968 0.78929400444031 0
vt 0.57970201969147 0.66197502613068 0
vt 0.5803610086441 0.85304498672485 0
vt 0.70151400566101 0.76747798919678 0
vt 0.55921500921249 0.91048097610474 0
vt 0.55934202671051 0.97866100072861 0
vt 0.57750898599625 0.97896200418472 0
vt 0.57715797424316 0.91077202558517 0
vt 0.70214599370956 0.71554201841354 0
vt 0.14106599986553 0.259526014328 0
vt 0.1487890034914 0.2605220079422 0
vt 0.15146599709988 0.26112508773804 0
vt 0.14105699956417 0.29580104351044 0
vt 0.14879800379276 0.29697597026825 0
vt 0.15127600729465 0.29669404029846 0
vt 0.69002497196198 0.91792702674866 0
vt 0.70214200019836 0.91858899593353 0
vt 0.14105099439621 0.32529306411743 0
vt 0.14845100045204 0.32459199428558 0
vt 0.15126200020313 0.32500004768372 0
vt 0.61127698421478 0.85340702533722 0
vt 0.61336100101471 0.85334396362305 0
vt 0.9446730017662 0.75500798225403 0
vt 0.94790601730347 0.75538504123688 0
vt 0.61132597923279 0.88917303085327 0
vt 0.61361998319626 0.88897502422333 0
vt 0.9446730017662 0.78989601135254 0
vt 0.94790601730347 0.79113399982452 0
vt 0.61141097545624 0.91831803321838 0
vt 0.61401098966599 0.91825997829437 0
vt 0.9446730017662 0.82005298137665 0
vt 0.94790601730347 0.82027697563171 0
vt 0.63878101110458 0.91786998510361 0
vt 0.66821199655533 0.9178209900856 0
vt 0.63900202512741 0.88835299015045 0
vt 0.61810201406479 0.88836801052094 0
vt 0.61849099397659 0.91794300079346 0
vt 0.14154200255871 0.10796999931335 0
vt 0.14148500561714 0.11477100849152 0
vt 0.14002799987793 0.10019898414612 0
vt 0.5874810218811 0.50340801477432 0
vt 0.58745801448822 0.51623302698135 0
vt 0.57978701591492 0.53322201967239 0
vt 0.58746701478958 0.53382402658463 0
vt 0.57978999614716 0.5650560259819 0
vt 0.58748799562454 0.56468200683594 0
vt 0.57978302240372 0.58261400461197 0
vt 0.5874930024147 0.5823410153389 0
vt 0.55922198295593 0.85991096496582 0
vt 0.57705801725388 0.86017400026321 0
vt 0.580187022686 0.86022901535034 0
vt 0.63892197608948 0.70876902341843 0
vt 0.63792198896408 0.70279902219772 0
vt 0.61900299787521 0.70287901163101 0
vt 0.61848199367523 0.70861703157425 0
vt 0.66761702299118 0.7088879942894 0
vt 0.66736102104187 0.70255601406097 0
vt 0.68481397628784 0.70898902416229 0
vt 0.6848229765892 0.70248103141785 0
vt 0.684445977211 0.69800400733948 0
vt 0.66716998815536 0.69826298952103 0
vt 0.63752901554108 0.69844400882721 0
vt 0.61939597129822 0.69881498813629 0
vt 0.58062601089478 0.97847098112106 0
vt 0.58029800653458 0.91057801246643 0
vt 0.70214200019836 0.70825201272964 0
vt 0.70134097337723 0.70203900337219 0
vt 0.69549602270126 0.69823002815247 0
vt 0.5959290266037 0.48759198188782 0
vt 0.55321902036667 0.48759198188782 0
vt 0.55321902036667 0.49988305568695 0
vt 0.5959290266037 0.49988305568695 0
vt 0.14101499319077 0.36811101436615 0
vt 0.1487440019846 0.36806297302246 0
vt 0.15122599899769 0.36811506748199 0
vt 0.76664000749588 0.7753170132637 0
vt 0.76671099662781 0.77035701274872 0
vt 0.74105697870255 0.7488049864769 0
vt 0.74105697870255 0.79281198978424 0
vt 0.37376698851585 0.36751198768616 0
vt 0.34277600049973 0.36490499973297 0
vt 0.34277600049973 0.3890540599823 0
vt 0.37376698851585 0.38934707641602 0
vt 0.37376698851585 0.33801603317261 0
vt 0.34277600049973 0.33820497989655 0
vt 0.37376698851585 0.31767499446869 0
vt 0.34277600049973 0.31842303276062 0
vt 0.1407860070467 0.9587630033493 0
vt 0.16492700576782 0.9587630033493 0
vt 0.16567499935627 0.95380699634552 0
vt 0.14099599421024 0.95380699634552 0
vt 0.19162300229073 0.9587630033493 0
vt 0.19219699501991 0.95380699634552 0
vt 0.2114060074091 0.9587630033493 0
vt 0.21218299865723 0.95380699634552 0
vt 0.70456701517105 0.73478204011917 0
vt 0.70471900701523 0.7594610452652 0
vt 0.73812001943588 0.75881004333496 0
vt 0.73807102441788 0.73512703180313 0
vt 0.70447397232056 0.78598701953888 0
vt 0.73820197582245 0.78348100185394 0
vt 0.70431798696518 0.80597698688507 0
vt 0.73808401823044 0.80314004421234 0
vt 0.40478500723839 0.31792008876801 0
vt 0.39650699496269 0.3171820640564 0
vt 0.39593198895454 0.33541798591614 0
vt 0.40427199006081 0.33576798439026 0
vt 0.40480300784111 0.314581990242 0
vt 0.39615699648857 0.3138040304184 0
vt 0.61391401290894 0.70248204469681 0
vt 0.61301702260971 0.70834600925446 0
vt 0.61424100399017 0.69840800762177 0
vt 0.57980298995972 0.59158903360367 0
vt 0.58747202157974 0.58929002285004 0
vt 0.37376698851585 0.31318008899689 0
vt 0.34277600049973 0.31333804130554 0
vt 0.21649199724197 0.9587630033493 0
vt 0.21664400398731 0.95380699634552 0
vt 0.7060409784317 0.81021201610565 0
vt 0.73807102441788 0.81042098999023 0
vt 0.76767098903656 0.76432204246521 0
vt 0.78515899181366 0.7383080124855 0
vt 0.74082398414612 0.7383080124855 0
vt 0.76201701164246 0.76232504844666 0
vt 0.42124301195145 0.74571400880814 0
vt 0.4186820089817 0.74596101045609 0
vt 0.41864201426506 0.79029601812363 0
vt 0.42124301195145 0.79025399684906 0
vt 0.9446730017662 0.86511301994324 0
vt 0.94790601730347 0.8648179769516 0
vt 0.14107599854469 0.43229901790619 0
vt 0.14881999790668 0.43216300010681 0
vt 0.15092800557613 0.43193507194519 0
vt 0.66564399003983 0.22234106063843 0
vt 0.72989398241043 0.22339904308319 0
vt 0.7293329834938 0.21004199981689 0
vt 0.66505599021912 0.21004199981689 0
vt 0.6660789847374 0.2460150718689 0
vt 0.73014998435974 0.24672102928162 0
vt 0.66628497838974 0.270672082901 0
vt 0.7304790019989 0.27085900306702 0
vt 0.6662529706955 0.29032206535339 0
vt 0.73041599988937 0.29093503952026 0
vt 0.66612702608109 0.29759907722473 0
vt 0.73014098405838 0.30000400543213 0
vt 0.6663870215416 0.30015897750854 0
vt 0.9446730017662 0.92875999212265 0
vt 0.94790601730347 0.92875999212265 0
vt 0.60888797044754 0.72410100698471 0
vt 0.60888797044754 0.660964012146 0
vt 0.60513001680374 0.66124004125595 0
vt 0.60513001680374 0.72479200363159 0
vt 0.60513001680374 0.97237402200699 0
vt 0.60888797044754 0.9207130074501 0
vt 0.60513001680374 0.92066699266434 0
vt 0.60888797044754 0.9196150302887 0
vt 0.60513001680374 0.9196879863739 0
vt 0.60888797044754 0.89728498458862 0
vt 0.60513001680374 0.89751303195953 0
vt 0.41440099477768 0.31482601165771 0
vt 0.41550698876381 0.30815100669861 0
vt 0.40540400147438 0.30825102329254 0
vt 0.60888797044754 0.88039600849152 0
vt 0.60513001680374 0.88056200742722 0
vt 0.60888797044754 0.85404300689697 0
vt 0.60513001680374 0.85386401414871 0
vt 0.60888797044754 0.8347589969635 0
vt 0.60513001680374 0.83473199605942 0
vt 0.60888797044754 0.79998302459717 0
vt 0.60513001680374 0.7998960018158 0
vt 0.60888797044754 0.76991105079651 0
vt 0.60513001680374 0.76978504657745 0
vt 0.76364898681641 0.68859404325485 0
vt 0.76387500762939 0.69182002544403 0
vt 0.80928301811218 0.69075602293015 0
vt 0.80939698219299 0.6876380443573 0
vt 0.76246201992035 0.70568299293518 0
vt 0.80947601795197 0.71902203559875 0
vt 0.73354399204254 0.69301801919937 0
vt 0.73237597942352 0.69889801740646 0
vt 0.73356699943542 0.68999499082565 0
vt 0.80947601795197 0.68610399961472 0
vt 0.12454800307751 0.48321998119354 0
vt 0.1207730025053 0.48952198028564 0
vt 0.12356899678707 0.49288702011108 0
vt 0.12794600427151 0.48422706127167 0
vt 0.46316799521446 0.71867901086807 0
vt 0.46164101362228 0.71852499246597 0
vt 0.46149399876595 0.78090900182724 0
vt 0.46316799521446 0.78191101551056 0
vt 0.97635400295258 0.52922999858856 0
vt 0.97985297441483 0.52896803617477 0
vt 0.97985297441483 0.46399807929993 0
vt 0.97635400295258 0.46445405483246 0
vt 0.94106501340866 0.65186703205109 0
vt 0.87993597984314 0.64966601133347 0
vt 0.87957698106766 0.7161990404129 0
vt 0.94196200370789 0.7161990404129 0
vt 0.22612899541855 0.03707706928253 0
vt 0.22640199959278 0.0385650396347 0
vt 0.29816299676895 0.0385650396347 0
vt 0.29762300848961 0.03707706928253 0
vt 0.94089502096176 0.45468103885651 0
vt 0.87987697124481 0.45405101776123 0
vt 0.01593099907041 0.03707706928253 0
vt 0.0162630006671 0.0385650396347 0
vt 0.97635400295258 0.72814500331879 0
vt 0.97985297441483 0.72838002443314 0
vt 0.27336499094963 0.05109000205994 0
vt 0.27333900332451 0.05252504348755 0
vt 0.33599200844765 0.05252504348755 0
vt 0.33596500754356 0.05109000205994 0
vt 0.69828498363495 0.69449400901794 0
vt 0.6982290148735 0.6957660317421 0
vt 0.69879102706909 0.69177502393723 0
vt 0.58759099245071 0.97784197330475 0
vt 0.58763998746872 0.91050499677658 0
vt 0.67900800704956 0.69466799497604 0
vt 0.67951399087906 0.69206804037094 0
vt 0.05755899846554 0.49288702011108 0
vt 0.05641900002956 0.48952198028564 0
vt 0.65313398838043 0.69275003671646 0
vt 0.65317499637604 0.69468003511429 0
vt 0.63622802495956 0.69323998689651 0
vt 0.6360809803009 0.69482803344727 0
vt 0.05736500024796 0.48321998119354 0
vt 0.89011198282242 0.04184806346893 0
vt 0.89033401012421 0.0479199886322 0
vt 0.8975989818573 0.0479199886322 0
vt 0.89748698472977 0.04184806346893 0
vt 0.8903980255127 0.05137598514557 0
vt 0.89744102954864 0.05137598514557 0
vt 0.58742702007294 0.85353499650955 0
vt 0.58741998672485 0.86065697669983 0
vt 0.61387497186661 0.69378799200058 0
vt 0.61391097307205 0.69507199525833 0
vt 0.58745300769806 0.66186201572418 0
vt 0.87014102935791 0.71887201070786 0
vt 0.87467002868652 0.71828800439835 0
vt 0.87467002868652 0.65778803825378 0
vt 0.87014102935791 0.66114103794098 0
vt 0.8750039935112 0.02587699890137 0
vt 0.87393599748611 0.02954602241516 0
vt 0.93545997142792 0.02954602241516 0
vt 0.9355880022049 0.02587699890137 0
vt 0.05796499922872 0.227254986763 0
vt 0.1239370033145 0.22714698314667 0
vt 0.12331700325012 0.16702806949615 0
vt 0.05760100111365 0.16632199287415 0
vt 0.14142799377441 0.48277497291565 0
vt 0.14889100193977 0.4832090139389 0
vt 0.14014400541782 0.49298703670502 0
vt 0.14824000000954 0.49298703670502 0
vt 0.77964401245117 0.22293305397034 0
vt 0.77965897321701 0.21024000644684 0
vt 0.78650897741318 0.22237002849579 0
vt 0.78583198785782 0.21318101882935 0
vt 0.82090598344803 0.53075700998306 0
vt 0.81322300434113 0.52962499856949 0
vt 0.81327098608017 0.54341799020767 0
vt 0.8209810256958 0.54274702072144 0
vt 0.82088601589203 0.51318502426147 0
vt 0.81326997280121 0.51537203788757 0
vt 0.77968299388886 0.24357199668884 0
vt 0.78642499446869 0.24264001846313 0
vt 0.77961599826813 0.27070701122284 0
vt 0.77969998121262 0.29208397865295 0
vt 0.78052300214767 0.29976606369019 0
vt 0.69808101654053 0.0479199886322 0
vt 0.69822597503662 0.05137598514557 0
vt 0.9446730017662 0.97775501012802 0
vt 0.94790601730347 0.97775501012802 0
vt 0.60888797044754 0.61213701963425 0
vt 0.60513001680374 0.61231398582458 0
vt 0.66984897851944 0.66114103794098 0
vt 0.67447799444199 0.61231398582458 0
vt 0.01200400013477 0.76630699634552 0
vt 0.00869200006127 0.76637196540833 0
vt 0.00887299980968 0.83561199903488 0
vt 0.0121780000627 0.83537101745605 0
vt 0.0088860001415 0.8428829908371 0
vt 0.01216499973089 0.84180700778961 0
vt 0.78628897666931 0.27156507968903 0
vt 0.78660601377487 0.29159605503082 0
vt 0.78683602809906 0.30211508274078 0
vt 0.69781702756882 0.04184806346893 0
vt 0.28134799003601 0.02715408802032 0
vt 0.2740829885006 0.02715408802032 0
vt 0.27142199873924 0.0338339805603 0
vt 0.2790060043335 0.0338339805603 0
vt 0.20484800636768 0.02715408802032 0
vt 0.20237100124359 0.0338339805603 0
vt 0.87014102935791 0.61231398582458 0
vt 0.87467002868652 0.61231398582458 0
vt 0.01240199990571 0.57685899734497 0
vt 0.0088860001415 0.577084004879 0
vt 0.01242499984801 0.57205504179001 0
vt 0.00880100019276 0.57060503959656 0
vt 0.0155589999631 0.02715408802032 0
vt 0.01354699954391 0.0338339805603 0
vt 0.00908100046217 0.02715408802032 0
vt 0.00869200006127 0.0338339805603 0
vt 0.8208270072937 0.48270404338837 0
vt 0.81335198879242 0.48161900043488 0
vt 0.82076698541641 0.46206307411194 0
vt 0.81306600570679 0.46106100082397 0
vt 0.82073998451233 0.45217907428741 0
vt 0.8130390048027 0.45124900341034 0
vt 0.41407001018524 0.31822407245636 0
vt 0.4135400056839 0.33613705635071 0
vt 0.4675999879837 0.33612203598022 0
vt 0.46769601106644 0.31788408756256 0
vt 0.82071799039841 0.44455099105835 0
vt 0.8130059838295 0.44319403171539 0
vt 0.82054901123047 0.37551403045654 0
vt 0.81310200691223 0.37476205825806 0
vt 0.82586598396301 0.37652599811554 0
vt 0.82534497976303 0.18771302700043 0
vt 0.82035797834396 0.18902504444122 0
vt 0.82036399841309 0.18229997158051 0
vt 0.81263798475266 0.18222808837891 0
vt 0.81288599967957 0.19053101539612 0
vt 0.98760998249054 0.02954602241516 0
vt 0.98568397760391 0.02587699890137 0
vt 0.1235129982233 0.11551904678345 0
vt 0.05746600031853 0.11433804035187 0
vt 0.12434999644756 0.10879707336426 0
vt 0.05828300118446 0.10752201080322 0
vt 0.8204460144043 0.13357508182526 0
vt 0.82008701562881 0.06786799430847 0
vt 0.81274700164795 0.0683159828186 0
vt 0.81265699863434 0.1338700056076 0
vt 0.82148998975754 0.05915105342865 0
vt 0.81327098608017 0.05857300758362 0
vt 0.12913399934769 0.11789703369141 0
vt 0.12837700545788 0.11304700374603 0
vt 0.77410799264908 0.30679404735565 0
vt 0.77372097969055 0.31446301937103 0
vt 0.78204602003098 0.31439602375031 0
vt 0.78150397539139 0.30668604373932 0
vt 0.7247319817543 0.3069760799408 0
vt 0.72445797920227 0.31374406814575 0
vt 0.66418999433517 0.30725204944611 0
vt 0.66332697868347 0.31410300731659 0
vt 0.12900899350643 0.22741007804871 0
vt 0.12930400669575 0.16733300685883 0
vt 0.64901697635651 0.29902100563049 0
vt 0.66162300109863 0.24442207813263 0
vt 0.62080901861191 0.24865102767944 0
vt 0.62080901861191 0.30079400539398 0
vt 0.59720402956009 0.60344403982162 0
vt 0.65881901979446 0.6034010052681 0
vt 0.66027098894119 0.55243200063705 0
vt 0.59585100412369 0.55131900310516 0
vt 0.85673099756241 0.60328203439713 0
vt 0.85727101564407 0.55131900310516 0
vt 0.44723701477051 0.67288398742676 0
vt 0.40661299228668 0.66869103908539 0
vt 0.41927498579025 0.72382199764252 0
vt 0.44723701477051 0.72485202550888 0
vt 0.39865699410439 0.30142903327942 0
vt 0.41758400201797 0.30142903327942 0
vt 0.4179280102253 0.27849304676056 0
vt 0.39926999807358 0.27828204631805 0
vt 0.4677030146122 0.31487905979156 0
vt 0.41653999686241 0.26084506511688 0
vt 0.39883100986481 0.26061701774597 0
vt 0.41477501392364 0.23462605476379 0
vt 0.39863601326942 0.23405504226685 0
vt 0.41476601362228 0.21466708183289 0
vt 0.3987840116024 0.21419298648834 0
vt 0.41384699940681 0.17747902870178 0
vt 0.39892500638962 0.17721807956696 0
vt 0.35638999938965 0.13838601112366 0
vt 0.35330000519752 0.13838601112366 0
vt 0.35379800200462 0.17930805683136 0
vt 0.35714799165726 0.17864501476288 0
vt 0.35799399018288 0.09056603908539 0
vt 0.35231700539589 0.09056603908539 0
vt 0.35490301251411 0.03745603561401 0
vt 0.3539400100708 0.03745603561401 0
vt 0.42707699537277 0.03745603561401 0
vt 0.4083299934864 0.03745603561401 0
vt 0.41050401329994 0.09056603908539 0
vt 0.42416900396347 0.09056603908539 0
vt 0.48715400695801 0.13838601112366 0
vt 0.51796901226044 0.13838601112366 0
vt 0.51497399806976 0.09056603908539 0
vt 0.4893040060997 0.09056603908539 0
vt 0.56029099225998 0.17644500732422 0
vt 0.56438899040222 0.17641401290894 0
vt 0.56430500745773 0.13838601112366 0
vt 0.56076502799988 0.13838601112366 0
vt 0.56057900190353 0.21132600307465 0
vt 0.56426697969437 0.21137297153473 0
vt 0.60206997394562 0.23348999023438 0
vt 0.60477697849274 0.23352408409119 0
vt 0.6051509976387 0.21034908294678 0
vt 0.6017159819603 0.21046304702759 0
vt 0.60226899385452 0.25929307937622 0
vt 0.60473400354385 0.25924801826477 0
vt 0.60237598419189 0.2776380777359 0
vt 0.60473799705505 0.27756905555725 0
vt 0.4685330092907 0.30779802799225 0
vt 0.60577899217606 0.30142903327942 0
vt 0.45091500878334 0.85366201400757 0
vt 0.45223501324654 0.85347402095795 0
vt 0.45221599936485 0.83080804347992 0
vt 0.45081201195717 0.83107697963715 0
vt 0.12499299645424 0.47685897350311 0
vt 0.1295599937439 0.47569000720978 0
vt 0.12944899499416 0.42332208156586 0
vt 0.12434399873018 0.42368197441101 0
vt 0.45226401090622 0.81291496753693 0
vt 0.45060700178146 0.81306898593903 0
vt 0.45232599973679 0.78818601369858 0
vt 0.44988799095154 0.78783798217773 0
vt 0.45244300365448 0.76588499546051 0
vt 0.44996100664139 0.76548200845718 0
vt 0.4363479912281 0.83181798458099 0
vt 0.43539300560951 0.83134001493454 0
vt 0.43375799059868 0.85402297973633 0
vt 0.43959200382233 0.80000698566437 0
vt 0.43330401182175 0.79767799377441 0
vt 0.44410198926926 0.76147300004959 0
vt 0.4265910089016 0.7581080198288 0
vt 0.44995799660683 0.69471204280853 0
vt 0.45299801230431 0.69501203298569 0
vt 0.45304399728775 0.65839403867722 0
vt 0.44903999567032 0.65796399116516 0
vt 0.45310598611832 0.65684300661087 0
vt 0.45168599486351 0.65679800510406 0
vt 0.44970598816872 0.73350501060486 0
vt 0.45261898636818 0.73394501209259 0
vt 0.87004798650742 0.91922801733017 0
vt 0.87448799610138 0.91950500011444 0
vt 0.87467002868652 0.89225798845291 0
vt 0.87014102935791 0.89258998632431 0
vt 0.05832400172949 0.47685897350311 0
vt 0.05840099975467 0.42421007156372 0
vt 0.87467002868652 0.87419497966766 0
vt 0.87014102935791 0.87472301721573 0
vt 0.87467002868652 0.85024601221085 0
vt 0.87014102935791 0.85003197193146 0
vt 0.87467002868652 0.82794797420502 0
vt 0.87014102935791 0.82775902748108 0
vt 0.87467002868652 0.79499399662018 0
vt 0.87014102935791 0.79586398601532 0
vt 0.87467002868652 0.75698697566986 0
vt 0.87014102935791 0.75698697566986 0
vt 0.87014102935791 0.72042202949524 0
vt 0.83624798059464 0.02587699890137 0
vt 0.83520400524139 0.02954602241516 0
vt 0.79818797111511 0.02587699890137 0
vt 0.79716998338699 0.02954602241516 0
vt 0.76518702507019 0.02587699890137 0
vt 0.76555001735687 0.02954602241516 0
vt 0.74285697937012 0.02587699890137 0
vt 0.74290102720261 0.02954602241516 0
vt 0.71887499094009 0.02587699890137 0
vt 0.71788400411606 0.02954602241516 0
vt 0.70078599452972 0.02587699890137 0
vt 0.69985097646713 0.02954602241516 0
vt 0.67674499750137 0.02954602241516 0
vt 0.67769199609756 0.02587699890137 0
vt 0.6255270242691 0.02587699890137 0
vt 0.62465697526932 0.02954602241516 0
vt 0.05810499936342 0.2671320438385 0
vt 0.12413299828768 0.26857101917267 0
vt 0.05810400098562 0.30290806293488 0
vt 0.12401700019836 0.3012729883194 0
vt 0.05830899998546 0.33441805839539 0
vt 0.12441299855709 0.33262503147125 0
vt 0.05850199982524 0.35617697238922 0
vt 0.12477400153875 0.35316002368927 0
vt 0.05843200162053 0.38091599941254 0
vt 0.12461700290442 0.37749207019806 0
vt 0.05811300128698 0.400799036026 0
vt 0.12403500080109 0.39986300468445 0
vt 0.33571401238441 0.22991299629211 0
vt 0.33905100822449 0.23005306720734 0
vt 0.33905100822449 0.22262001037598 0
vt 0.33571401238441 0.22358906269073 0
vt 0.12915299832821 0.26913297176361 0
vt 0.1292250007391 0.30181503295898 0
vt 0.12916199862957 0.33259606361389 0
vt 0.12917800247669 0.35284101963043 0
vt 0.12914200127125 0.37697005271912 0
vt 0.12948100268841 0.39906704425812 0
vt 0.87467002868652 0.97237402200699 0
vt 0.87014102935791 0.92088997364044 0
vt 0.87014102935791 0.97237402200699 0
vt 0.49299898743629 0.31449103355408 0
vt 0.49327498674393 0.30773603916168 0
vt 0.33571401238441 0.42228305339813 0
vt 0.33905100822449 0.42246401309967 0
vt 0.51502597332001 0.31445097923279 0
vt 0.51533097028732 0.3077050447464 0
vt 0.53924298286438 0.31441402435303 0
vt 0.53948402404785 0.30768299102783 0
vt 0.55963099002838 0.31417107582092 0
vt 0.55978101491928 0.30762898921967 0
vt 0.59031099081039 0.31465399265289 0
vt 0.59048700332642 0.30756306648254 0
vt 0.62371802330017 0.31415998935699 0
vt 0.62348502874374 0.30743098258972 0
vt 0.49289700388908 0.4296749830246 0
vt 0.493586987257 0.3360550403595 0
vt 0.46670600771904 0.42953300476074 0
vt 0.67627602815628 0.97237402200699 0
vt 0.68024301528931 0.92103499174118 0
vt 0.51064401865005 0.42966306209564 0
vt 0.51434600353241 0.33601999282837 0
vt 0.53466200828552 0.42960405349731 0
vt 0.53850102424622 0.33597207069397 0
vt 0.55326998233795 0.42943406105042 0
vt 0.55843698978424 0.3359010219574 0
vt 0.59006100893021 0.42911303043365 0
vt 0.59000200033188 0.33577597141266 0
vt 0.62476599216461 0.42899000644684 0
vt 0.62398797273636 0.33566904067993 0
vt 0.65790897607803 0.42877602577209 0
vt 0.66220098733902 0.33546304702759 0
vt 0.72608697414398 0.42841100692749 0
vt 0.72476899623871 0.33517301082611 0
vt 0.7715910077095 0.4281690120697 0
vt 0.77335298061371 0.33494603633881 0
vt 0.78253400325775 0.42811405658722 0
vt 0.78228199481964 0.33489608764648 0
vt 0.69956398010254 0.06587600708008 0
vt 0.79245102405548 0.06783497333527 0
vt 0.79274201393127 0.05812501907349 0
vt 0.69976699352264 0.05677807331085 0
vt 0.79204100370407 0.13343906402588 0
vt 0.69871199131012 0.13107800483704 0
vt 0.81009298563004 0.18218398094177 0
vt 0.79199802875519 0.1818140745163 0
vt 0.79208397865295 0.19038200378418 0
vt 0.81032001972198 0.1905220746994 0
vt 0.81010097265244 0.13381898403168 0
vt 0.81024301052094 0.06819999217987 0
vt 0.69815397262573 0.18948197364807 0
vt 0.69826102256775 0.17913198471069 0
vt 0.81072199344635 0.05839097499847 0
vt 0.77367597818375 0.31698000431061 0
vt 0.78221100568771 0.31688797473907 0
vt 0.72451400756836 0.3171089887619 0
vt 0.66259700059891 0.31721603870392 0
vt 0.62384498119354 0.31751501560211 0
vt 0.58995497226715 0.31764507293701 0
vt 0.55935198068619 0.31772804260254 0
vt 0.53913998603821 0.31774806976318 0
vt 0.51492500305176 0.31778001785278 0
vt 0.49356800317764 0.31780099868774 0
vt 0.79235398769379 0.37454903125763 0
vt 0.81044697761536 0.37473297119141 0
vt 0.7924889922142 0.4410640001297 0
vt 0.81044602394104 0.44292807579041 0
vt 0.79251098632812 0.44999003410339 0
vt 0.81045401096344 0.45109307765961 0
vt 0.45261898636818 0.85486197471619 0
vt 0.79254198074341 0.46048998832703 0
vt 0.81049102544785 0.46099102497101 0
vt 0.79259902238846 0.48121607303619 0
vt 0.81073302030563 0.48156702518463 0
vt 0.7926669716835 0.51772999763489 0
vt 0.81065899133682 0.51566702127457 0
vt 0.79270398616791 0.5298610329628 0
vt 0.81070601940155 0.52965801954269 0
vt 0.79275298118591 0.54387903213501 0
vt 0.81075900793076 0.54360300302505 0
vt 0.25142699480057 0.04397106170654 0
vt 0.22920399904251 0.04734408855438 0
vt 0.24154299497604 0.04735398292542 0
vt 0.25156700611114 0.0473530292511 0
vt 0.61277002096176 0.69371002912521 0
vt 0.15084500610828 0.49298703670502 0
vt 0.15130099654198 0.48247802257538 0
vt 0.16886399686337 0.49298703670502 0
vt 0.16909199953079 0.48301899433136 0
vt 0.16933700442314 0.43271708488464 0
vt 0.69931399822235 0.51810503005981 0
vt 0.653843998909 0.51828199625015 0
vt 0.6539009809494 0.5323840379715 0
vt 0.69936102628708 0.53156703710556 0
vt 0.65393102169037 0.54409503936768 0
vt 0.69940197467804 0.54402202367783 0
vt 0.26192501187325 0.49298703670502 0
vt 0.30736398696899 0.49298703670502 0
vt 0.30725699663162 0.48393297195435 0
vt 0.26205399632454 0.48368203639984 0
vt 0.30776101350784 0.43884706497192 0
vt 0.26243901252747 0.43688201904297 0
vt 0.16931499540806 0.36751806735992 0
vt 0.30837100744247 0.35994803905487 0
vt 0.2627620100975 0.36234498023987 0
vt 0.16933199763298 0.3250720500946 0
vt 0.16934199631214 0.29656100273132 0
vt 0.16934099793434 0.2603520154953 0
vt 0.26273599267006 0.29460299015045 0
vt 0.30810898542404 0.29358804225922 0
vt 0.30836299061775 0.25572800636292 0
vt 0.26278099417686 0.25737702846527 0
vt 0.26277500391006 0.32405698299408 0
vt 0.30809399485588 0.3235399723053 0
vt 0.32358700037003 0.43924105167389 0
vt 0.32436999678612 0.36126101016998 0
vt 0.32290899753571 0.48393499851227 0
vt 0.30838400125504 0.23401308059692 0
vt 0.26282098889351 0.23559701442719 0
vt 0.32428801059723 0.25481808185577 0
vt 0.3242349922657 0.23347401618958 0
vt 0.1693499982357 0.23847508430481 0
vt 0.16935400664806 0.2162389755249 0
vt 0.16936700046062 0.19551408290863 0
vt 0.32284501194954 0.04431998729706 0
vt 0.28244999051094 0.04727697372437 0
vt 0.31249099969864 0.04728198051453 0
vt 0.32271900773048 0.04609203338623 0
vt 0.16938899457455 0.17555499076843 0
vt 0.16957600414753 0.12074506282806 0
vt 0.30837699770927 0.21297597885132 0
vt 0.26282799243927 0.21417105197906 0
vt 0.30835598707199 0.1920679807663 0
vt 0.26282900571823 0.19331204891205 0
vt 0.33571401238441 0.49352407455444 0
vt 0.33905100822449 0.49458801746368 0
vt 0.30831998586655 0.17588901519775 0
vt 0.26282098889351 0.17587399482727 0
vt 0.30787000060081 0.12083697319031 0
vt 0.26250499486923 0.12071001529694 0
vt 0.32422599196434 0.21228897571564 0
vt 0.32419899106026 0.1914119720459 0
vt 0.62375402450562 0.05137598514557 0
vt 0.62406998872757 0.0479199886322 0
vt 0.32413199543953 0.17588007450104 0
vt 0.62475198507309 0.04184806346893 0
vt 0.32367700338364 0.1207150220871 0
vt 0.62276601791382 0.47764801979065 0
vt 0.60925000905991 0.47752904891968 0
vt 0.6091719865799 0.48343908786774 0
vt 0.62500202655792 0.48343908786774 0
vt 0.83510398864746 0.71205103397369 0
vt 0.84108698368073 0.71076500415802 0
vt 0.84125602245331 0.67510902881622 0
vt 0.83508497476578 0.67443698644638 0
vt 0.83513200283051 0.74184900522232 0
vt 0.84105998277664 0.74094903469086 0
vt 0.83508497476578 0.77810597419739 0
vt 0.84113502502441 0.7766330242157 0
vt 0.24012300372124 0.9631119966507 0
vt 0.23385100066662 0.96325200796127 0
vt 0.23409299552441 0.97741103172302 0
vt 0.24012300372124 0.97896200418472 0
vt 0.36893001198769 0.39200103282928 0
vt 0.36920601129532 0.42934501171112 0
vt 0.38321599364281 0.42792201042175 0
vt 0.38321599364281 0.39224398136139 0
vt 0.36942800879478 0.45886504650116 0
vt 0.38321599364281 0.45810699462891 0
vt 0.36971101164818 0.49430000782013 0
vt 0.38321599364281 0.49375998973846 0
vt 0.30803000926971 0.09852802753448 0
vt 0.26249998807907 0.09852004051208 0
vt 0.46589800715446 0.50287199020386 0
vt 0.42042899131775 0.50277501344681 0
vt 0.42043900489807 0.51717400550842 0
vt 0.46589401364326 0.51680302619934 0
vt 0.42042899131775 0.53666299581528 0
vt 0.4658930003643 0.53567099571228 0
vt 0.42041599750519 0.56860399246216 0
vt 0.4658890068531 0.56794100999832 0
vt 0.42040801048279 0.58482199907303 0
vt 0.46588298678398 0.58444899320602 0
vt 0.42040500044823 0.59450799226761 0
vt 0.46588400006294 0.59485703706741 0
vt 0.46586999297142 0.66197901964188 0
vt 0.46584901213646 0.84791201353073 0
vt 0.46584698557854 0.8571959733963 0
vt 0.46587300300598 0.9086229801178 0
vt 0.46589800715446 0.97817897796631 0
vt 0.40474700927734 0.90779900550842 0
vt 0.40457499027252 0.97756600379944 0
vt 0.42040199041367 0.9777250289917 0
vt 0.42043799161911 0.90780603885651 0
vt 0.31894299387932 0.3427209854126 0
vt 0.32886099815369 0.3426730632782 0
vt 0.32901000976562 0.2985030412674 0
vt 0.31894299387932 0.297248005867 0
vt 0.95709902048111 0.71838903427124 0
vt 0.95709902048111 0.78646302223206 0
vt 0.96668601036072 0.78646302223206 0
vt 0.96668601036072 0.71838903427124 0
vt 0.95709902048111 0.96909898519516 0
vt 0.96668601036072 0.96909898519516 0
vt 0.95709902048111 0.97726798057556 0
vt 0.96668601036072 0.97726798057556 0
vt 0.42962801456451 0.80861902236938 0
vt 0.41976401209831 0.79273104667664 0
vt 0.41959699988365 0.80854099988937 0
vt 0.87718397378922 0.72752702236176 0
vt 0.9207090139389 0.72985899448395 0
vt 0.92074602842331 0.71991699934006 0
vt 0.87703901529312 0.71936100721359 0
vt 0.87669998407364 0.91017299890518 0
vt 0.9207170009613 0.90975701808929 0
vt 0.87669998407364 0.97825002670288 0
vt 0.9208750128746 0.97883599996567 0
vt 0.41959699988365 0.85402297973633 0
vt 0.42918398976326 0.85232901573181 0
vt 0.93938797712326 0.73082000017166 0
vt 0.93938797712326 0.7184100151062 0
vt 0.93944597244263 0.90854597091675 0
vt 0.93944597244263 0.97896200418472 0
vt 0.31922501325607 0.35854697227478 0
vt 0.40459600090981 0.58570504188538 0
vt 0.40462699532509 0.59583401679993 0
vt 0.40460199117661 0.56840199232101 0
vt 0.46608099341393 0.47503805160522 0
vt 0.49223899841309 0.47526705265045 0
vt 0.5084890127182 0.47527801990509 0
vt 0.53245800733566 0.47526097297668 0
vt 0.55045998096466 0.47513508796692 0
vt 0.59008002281189 0.47445201873779 0
vt 0.62523597478867 0.47426199913025 0
vt 0.6559140086174 0.47407603263855 0
vt 0.72673600912094 0.47383201122284 0
vt 0.7707239985466 0.47357308864594 0
vt 0.78264302015305 0.47351801395416 0
vt 0.65436899662018 0.05615603923798 0
vt 0.65435302257538 0.06496798992157 0
vt 0.65294098854065 0.12957203388214 0
vt 0.6519730091095 0.17717599868774 0
vt 0.65117001533508 0.18889605998993 0
vt 0.41591998934746 0.42886602878571 0
vt 0.39491298794746 0.42862701416016 0
vt 0.4047090113163 0.42866706848145 0
vt 0.39476698637009 0.474534034729 0
vt 0.40450701117516 0.47352397441864 0
vt 0.41571900248528 0.47398102283478 0
vt 0.39593198895454 0.49076902866364 0
vt 0.40506801009178 0.48937499523163 0
vt 0.32360199093819 0.1137900352478 0
vt 0.32324999570847 0.10703802108765 0
vt 0.3240120112896 0.09918200969696 0
vt 0.40460398793221 0.50244998931885 0
vt 0.40463700890541 0.51722300052643 0
vt 0.40461701154709 0.5363000035286 0
vt 0.3234089910984 0.49298703670502 0
vt 0.63810098171234 0.5331130027771 0
vt 0.6381019949913 0.5441620349884 0
vt 0.63802099227905 0.51833003759384 0
vt 0.63680100440979 0.17703700065613 0
vt 0.63654899597168 0.18879997730255 0
vt 0.63867801427841 0.06539702415466 0
vt 0.63746798038483 0.12957203388214 0
vt 0.6383849978447 0.05575501918793 0
vt 0.77075302600861 0.48935103416443 0
vt 0.78210300207138 0.48931407928467 0
vt 0.7262099981308 0.48962903022766 0
vt 0.6560760140419 0.49004006385803 0
vt 0.53084099292755 0.49114406108856 0
vt 0.54980099201202 0.49115002155304 0
vt 0.50773298740387 0.49117708206177 0
vt 0.49242401123047 0.49117708206177 0
vt 0.46528199315071 0.49096405506134 0
vt 0.41560700535774 0.4898020029068 0
vt 0.41354900598526 0.71272099018097 0
vt 0.40765199065208 0.7138050198555 0
vt 0.41062200069427 0.72892600297928 0
vt 0.41633901000023 0.72829902172089 0
vt 0.41082501411438 0.76749801635742 0
vt 0.41643199324608 0.76746296882629 0
vt 0.41109898686409 0.80343699455261 0
vt 0.41666001081467 0.80248600244522 0
vt 0.7164009809494 0.67247402667999 0
vt 0.67782801389694 0.67247402667999 0
vt 0.67782700061798 0.68745100498199 0
vt 0.7164009809494 0.68745100498199 0
vt 0.64213001728058 0.67247402667999 0
vt 0.64188700914383 0.68745100498199 0
vt 0.61290299892426 0.67247402667999 0
vt 0.61283302307129 0.68745100498199 0
vt 0.40704599022865 0.8468120098114 0
vt 0.41269901394844 0.84841096401215 0
vt 0.41705000400543 0.83305501937866 0
vt 0.41144001483917 0.83249604701996 0
vt 0.70459401607513 0.88697397708893 0
vt 0.70456302165985 0.91673201322556 0
vt 0.73233199119568 0.91691201925278 0
vt 0.73221200704575 0.88768601417542 0
vt 0.73224502801895 0.85198903083801 0
vt 0.70505398511887 0.85194802284241 0
vt 0.73233199119568 0.81341397762299 0
vt 0.70522499084473 0.81330502033234 0
vt 0.76311200857162 0.67008399963379 0
vt 0.76335698366165 0.66451799869537 0
vt 0.72446602582932 0.66453003883362 0
vt 0.72446602582932 0.67008399963379 0
vt 0.68903398513794 0.66451901197433 0
vt 0.68944001197815 0.67008399963379 0
vt 0.6592630147934 0.66451799869537 0
vt 0.65968197584152 0.67008399963379 0
vt 0.59594202041626 0.54791301488876 0
vt 0.60152399539948 0.54796499013901 0
vt 0.60152399539948 0.51842099428177 0
vt 0.59452897310257 0.5201810002327 0
vt 0.40686601400375 0.85402297973633 0
vt 0.40686601400375 0.70682901144028 0
vt 0.59842097759247 0.50214499235153 0
vt 0.62667900323868 0.50214499235153 0
vt 0.62590199708939 0.49645602703094 0
vt 0.59882700443268 0.49513804912567 0
vt 0.82544499635696 0.18283998966217 0
vt 0.82595199346542 0.13359904289246 0
vt 0.82513898611069 0.06741905212402 0
vt 0.82688701152802 0.06185507774353 0
vt 0.77928900718689 0.30115902423859 0
vt 0.77439701557159 0.30157101154327 0
vt 0.72497397661209 0.30184602737427 0
vt 0.66495299339294 0.30191004276276 0
vt 0.62327897548676 0.30213606357574 0
vt 0.59064400196075 0.30224204063416 0
vt 0.55990898609161 0.302286028862 0
vt 0.5397019982338 0.30231201648712 0
vt 0.51560699939728 0.30228197574615 0
vt 0.49353098869324 0.30246198177338 0
vt 0.46926799416542 0.30243003368378 0
vt 0.41675800085068 0.30273997783661 0
vt 0.40788701176643 0.30238008499146 0
vt 0.39922401309013 0.30089902877808 0
vt 0.39715701341629 0.30621802806854 0
vt 0.59247297048569 0.97577297687531 0
vt 0.59313797950745 0.90973699092865 0
vt 0.59279501438141 0.86101198196411 0
vt 0.59277200698853 0.853963971138 0
vt 0.59251397848129 0.66176402568817 0
vt 0.59276401996613 0.58727699518204 0
vt 0.59302097558975 0.58211600780487 0
vt 0.59289902448654 0.56398802995682 0
vt 0.59260600805283 0.53434902429581 0
vt 0.59234499931335 0.51707702875137 0
vt 0.59242898225784 0.50603401660919 0
vt 0.13448299467564 0.10134303569794 0
vt 0.13621999323368 0.10808908939362 0
vt 0.13614299893379 0.11452305316925 0
vt 0.13606299459934 0.12184202671051 0
vt 0.13530200719833 0.17381000518799 0
vt 0.13550199568272 0.19563901424408 0
vt 0.13557000458241 0.21590900421143 0
vt 0.13528400659561 0.23838806152344 0
vt 0.13560199737549 0.25811505317688 0
vt 0.13542300462723 0.29438507556915 0
vt 0.13553799688816 0.32494401931763 0
vt 0.13524000346661 0.36760699748993 0
vt 0.13534699380398 0.43183898925781 0
vt 0.13555899262428 0.48225903511047 0
vt 0.13454100489616 0.48917698860168 0
vt 0.8274530172348 0.54207199811935 0
vt 0.82707399129868 0.53286802768707 0
vt 0.82717800140381 0.5125920176506 0
vt 0.82652801275253 0.48368299007416 0
vt 0.82693898677826 0.46365904808044 0
vt 0.82672101259232 0.45314407348633 0
vt 0.82634401321411 0.44556105136871 0
vt 0.34170600771904 0.45981299877167 0
vt 0.34170600771904 0.49420297145844 0
vt 0.34170600771904 0.42860901355743 0
vt 0.34170600771904 0.39200103282928 0
vt 0.59939897060394 0.49303007125854 0
vt 0.63170999288559 0.49303007125854 0
vt 0.63096398115158 0.48782908916473 0
vt 0.60330897569656 0.48591506481171 0
vt 0.23783400654793 0.95617699623108 0
vt 0.59458100795746 0.81281000375748 0
vt 0.59974598884583 0.81377500295639 0
vt 0.59984701871872 0.77584397792816 0
vt 0.59440302848816 0.77619898319244 0
vt 0.59975200891495 0.74498802423477 0
vt 0.59481900930405 0.74499499797821 0
vt 0.59974598884583 0.70979201793671 0
vt 0.59556001424789 0.7106140255928 0
vt 0.38099101185799 0.33253705501556 0
vt 0.38518598675728 0.33330404758453 0
vt 0.38518598675728 0.30255103111267 0
vt 0.37815299630165 0.3046749830246 0
vt 0.60221600532532 0.47965097427368 0
vt 0.33220800757408 0.25484597682953 0
vt 0.33235999941826 0.23399007320404 0
vt 0.332190990448 0.21180498600006 0
vt 0.33221200108528 0.19195604324341 0
vt 0.33196899294853 0.17557108402252 0
vt 0.33190500736237 0.12184202671051 0
vt 0.33084899187088 0.43792307376862 0
vt 0.33165699243546 0.36063897609711 0
vt 0.33013299107552 0.4839540719986 0
vt 0.33072599768639 0.49203598499298 0
vt 0.63072299957275 0.53434801101685 0
vt 0.63071697950363 0.54310500621796 0
vt 0.63055199384689 0.51849502325058 0
vt 0.00943499989808 0.52283900976181 0
vt 0.01837800070643 0.52276200056076 0
vt 0.01741000078619 0.50708198547363 0
vt 0.00922000035644 0.50699901580811 0
vt 0.0163219999522 0.4939900636673 0
vt 0.00951999984682 0.49824702739716 0
vt 0.06079199910164 0.50674003362656 0
vt 0.06234699860215 0.4939900636673 0
vt 0.13991299271584 0.52638101577759 0
vt 0.13991299271584 0.4939900636673 0
vt 0.41034200787544 0.70189303159714 0
vt 0.40958398580551 0.69545298814774 0
vt 0.40661299228668 0.69498598575592 0
vt 0.40661299228668 0.70392900705338 0
vt 0.39009401202202 0.34099006652832 0
vt 0.39152899384499 0.33615207672119 0
vt 0.3894180059433 0.33246600627899 0
vt 0.38686299324036 0.33947598934174 0
vt 0.38686999678612 0.35529208183289 0
vt 0.3900800049305 0.35645198822021 0
vt 0.38688799738884 0.40076100826263 0
vt 0.39005199074745 0.40076100826263 0
vt 0.38688799738884 0.49411308765411 0
vt 0.3900760114193 0.49278700351715 0
vt 0.95435601472855 0.94245702028275 0
vt 0.95100402832031 0.94231402873993 0
vt 0.9511039853096 0.97862100601196 0
vt 0.95453900098801 0.97896200418472 0
vt 0.95425897836685 0.92173099517822 0
vt 0.95097601413727 0.92169296741486 0
vt 0.95422202348709 0.91123700141907 0
vt 0.95086598396301 0.91120600700378 0
vt 0.95421302318573 0.90231400728226 0
vt 0.95094102621078 0.90192496776581 0
vt 0.95429199934006 0.8358119726181 0
vt 0.95103299617767 0.83954900503159 0
vt 0.95453900098801 0.65173000097275 0
vt 0.95114398002625 0.65284198522568 0
vt 0.45551601052284 0.78653597831726 0
vt 0.45869299769402 0.78654301166534 0
vt 0.4589369893074 0.69443899393082 0
vt 0.45559298992157 0.69317704439163 0
vt 0.45545199513435 0.83326601982117 0
vt 0.45863899588585 0.83428597450256 0
vt 0.45545199513435 0.84785902500153 0
vt 0.45843300223351 0.84811496734619 0
vt 0.92024701833725 0.449010014534 0
vt 0.92022901773453 0.26177406311035 0
vt 0.82767897844315 0.26193499565125 0
vt 0.82815200090408 0.44862806797028 0
vt 0.92021000385284 0.20166504383087 0
vt 0.82770299911499 0.19957506656647 0
vt 0.92020201683044 0.18949699401855 0
vt 0.82795202732086 0.19029808044434 0
vt 0.92019301652908 0.1798210144043 0
vt 0.82771801948547 0.1798210144043 0
vt 0.92017197608948 0.16117405891418 0
vt 0.82790499925613 0.15920400619507 0
vt 0.92013198137283 0.12267398834229 0
vt 0.82810097932816 0.12289607524872 0
vt 0.96431297063828 0.16205406188965 0
vt 0.96443998813629 0.12285208702087 0
vt 0.96458899974823 0.1820330619812 0
vt 0.96493399143219 0.19264698028564 0
vt 0.96563398838043 0.20437204837799 0
vt 0.96488302946091 0.26370799541473 0
vt 0.96798300743103 0.44888699054718 0
vt 0.98180997371674 0.44902002811432 0
vt 0.98161399364471 0.26436603069305 0
vt 0.98088401556015 0.2046149969101 0
vt 0.98100399971008 0.19293403625488 0
vt 0.98084998130798 0.18112003803253 0
vt 0.98093199729919 0.16236805915833 0
vt 0.97989600896835 0.12295699119568 0
vt 0.98554700613022 0.16257202625275 0
vt 0.9849339723587 0.1227320432663 0
vt 0.98550599813461 0.18132102489471 0
vt 0.98572397232056 0.19291698932648 0
vt 0.98535299301147 0.20488703250885 0
vt 0.98579800128937 0.26504099369049 0
vt 0.99143397808075 0.266970038414 0
vt 0.99141699075699 0.20563399791718 0
vt 0.99133598804474 0.19300901889801 0
vt 0.99127900600433 0.18161702156067 0
vt 0.99130100011826 0.16221404075623 0
vt 0.99141502380371 0.12296807765961 0
vt 0.57662898302078 0.02428698539734 0
vt 0.57649600505829 0.02736806869507 0
vt 0.61675900220871 0.02736806869507 0
vt 0.61586898565292 0.02428698539734 0
vt 0.55722898244858 0.02428698539734 0
vt 0.55725300312042 0.02736806869507 0
vt 0.5458379983902 0.02428698539734 0
vt 0.54572600126266 0.02736806869507 0
vt 0.53323698043823 0.02428698539734 0
vt 0.53324300050735 0.02736806869507 0
vt 0.47189998626709 0.02428698539734 0
vt 0.47199600934982 0.02736806869507 0
vt 0.98496800661087 0.44833099842072 0
vt 0.99141502380371 0.44859397411346 0
vt 0.29029801487923 0.02428698539734 0
vt 0.28988501429558 0.02736806869507 0
vt 0.22073599696159 0.95800000429153 0
vt 0.21876199543476 0.96192097663879 0
vt 0.22754499316216 0.96192097663879 0
vt 0.22713199257851 0.95884001255035 0
vt 0.45765799283981 0.85486197471619 0
vt 0.45981401205063 0.8510360121727 0
vt 0.6294549703598 0.17636597156525 0
vt 0.62919497489929 0.1886670589447 0
vt 0.00889699999243 0.86202299594879 0
vt 0.01774699985981 0.86246901750565 0
vt 0.01781599968672 0.84960699081421 0
vt 0.00903300009668 0.84971904754639 0
vt 0.00869200006127 0.90898901224136 0
vt 0.00903599988669 0.97265201807022 0
vt 0.01511500030756 0.9789320230484 0
vt 0.01644200086594 0.91214400529861 0
vt 0.6315730214119 0.06571102142334 0
vt 0.63026601076126 0.129390001297 0
vt 0.63078099489212 0.05693697929382 0
vt 0.76962399482727 0.49678206443787 0
vt 0.78026098012924 0.49669706821442 0
vt 0.72610598802567 0.49749398231506 0
vt 0.65583199262619 0.49812507629395 0
vt 0.08012100309134 0.94728398323059 0
vt 0.06928200274706 0.9789320230484 0
vt 0.13961599767208 0.9789320230484 0
vt 0.1397559940815 0.94793897867203 0
vt 0.02994300052524 0.94736897945404 0
vt 0.02575300075114 0.9789320230484 0
vt 0.00904699973762 0.10690498352051 0
vt 0.00869200006127 0.1135870218277 0
vt 0.00878799986094 0.16576504707336 0
vt 0.00893200002611 0.22731602191925 0
vt 0.00903099961579 0.26606106758118 0
vt 0.00912700034678 0.30410897731781 0
vt 0.00915800035 0.33574104309082 0
vt 0.00920499954373 0.35840404033661 0
vt 0.00916500017047 0.3834400177002 0
vt 0.00894800014794 0.40149402618408 0
vt 0.00939700007439 0.42463099956512 0
vt 0.00906599964947 0.47685897350311 0
vt 0.00904699973762 0.48321998119354 0
vt 0.00899100024253 0.48952198028564 0
vt 0.00884700007737 0.49288702011108 0
vt 0.4203340113163 0.85652697086334 0
vt 0.40450501441956 0.85643202066422 0
vt 0.53007000684738 0.49998104572296 0
vt 0.54998999834061 0.50009304285049 0
vt 0.50545299053192 0.50015103816986 0
vt 0.48985201120377 0.50016903877258 0
vt 0.46301698684692 0.49966502189636 0
vt 0.263925999403 0.97606199979782 0
vt 0.26308000087738 0.94669997692108 0
vt 0.24384400248528 0.94780397415161 0
vt 0.2440319955349 0.97606199979782 0
vt 0.28847399353981 0.97606199979782 0
vt 0.2858490049839 0.94449698925018 0
vt 0.3040109872818 0.97606199979782 0
vt 0.3011539876461 0.94392502307892 0
vt 0.33078300952911 0.97606199979782 0
vt 0.32684099674225 0.94314497709274 0
vt 0.41482898592949 0.49797403812408 0
vt 0.39699599146843 0.49872601032257 0
vt 0.40597200393677 0.49869608879089 0
vt 0.39710998535156 0.91243398189545 0
vt 0.39726999402046 0.97441500425339 0
vt 0.3862270116806 0.9733099937439 0
vt 0.39448899030685 0.97029399871826 0
vt 0.39530000090599 0.9083160161972 0
vt 0.38690900802612 0.90888899564743 0
vt 0.37851199507713 0.9094569683075 0
vt 0.37851899862289 0.97606199979782 0
vt 0.39674600958824 0.85568904876709 0
vt 0.40446299314499 0.84401899576187 0
vt 0.39681699872017 0.84301000833511 0
vt 0.40456700325012 0.66626703739166 0
vt 0.39669200778008 0.66662800312042 0
vt 0.39698499441147 0.5958000421524 0
vt 0.3948569893837 0.85160303115845 0
vt 0.38648301362991 0.8512270450592 0
vt 0.39512598514557 0.83893299102783 0
vt 0.38652101159096 0.83843600749969 0
vt 0.39474800229073 0.66259503364563 0
vt 0.38653799891472 0.66247004270554 0
vt 0.39533099532127 0.59178298711777 0
vt 0.38682401180267 0.59146404266357 0
vt 0.39695000648499 0.58533799648285 0
vt 0.39690300822258 0.5681220293045 0
vt 0.39691498875618 0.53640502691269 0
vt 0.39685499668121 0.51770901679993 0
vt 0.39524599909782 0.58132600784302 0
vt 0.38664698600769 0.581179022789 0
vt 0.39513000845909 0.56411302089691 0
vt 0.38645601272583 0.56391799449921 0
vt 0.39513298869133 0.5324000120163 0
vt 0.386510014534 0.53206104040146 0
vt 0.39495199918747 0.51370799541473 0
vt 0.38641500473022 0.51320898532867 0
vt 0.39782398939133 0.50415599346161 0
vt 0.33090400695801 0.10760998725891 0
vt 0.33098700642586 0.10115706920624 0
vt 0.33138099312782 0.11488997936249 0
vt 0.39092901349068 0.495885014534 0
vt 0.38391199707985 0.495885014534 0
vt 0.39525601267815 0.50013303756714 0
vt 0.24388800561428 0.52638101577759 0
vt 0.26687899231911 0.51124000549316 0
vt 0.2650919854641 0.495885014534 0
vt 0.24388800561428 0.495885014534 0
vt 0.2874990105629 0.51193201541901 0
vt 0.28725698590279 0.495885014534 0
vt 0.30935400724411 0.51233899593353 0
vt 0.3070729970932 0.495885014534 0
vt 0.32449498772621 0.51317203044891 0
vt 0.323410987854 0.495885014534 0
vt 0.37787398695946 0.51271402835846 0
vt 0.3770389854908 0.495885014534 0
vt 0.37831100821495 0.59114599227905 0
vt 0.37777501344681 0.56372499465942 0
vt 0.37787801027298 0.53172498941422 0
vt 0.37804499268532 0.58103400468826 0
vt 0.37809899449348 0.85085296630859 0
vt 0.01816999912262 0.56302899122238 0
vt 0.01816399954259 0.58226901292801 0
vt 0.3779079914093 0.8379420042038 0
vt 0.01788000017405 0.59378200769424 0
vt 0.0183269996196 0.60624599456787 0
vt 0.16952399909496 0.94772601127625 0
vt 0.01815699972212 0.6674929857254 0
vt 0.17783999443054 0.52638101577759 0
vt 0.20869199931622 0.52638101577759 0
vt 0.37831801176071 0.6623449921608 0
vt 0.20495599508286 0.94780397415161 0
vt 0.89773398637772 0.03554904460907 0
vt 0.8903049826622 0.03554904460907 0
vt 0.69796001911163 0.03554904460907 0
vt 0.62585800886154 0.03554904460907 0
vt 0.60499900579453 0.09056603908539 0
vt 0.61743301153183 0.09056603908539 0
vt 0.61743301153183 0.03745603561401 0
vt 0.60370701551437 0.03745603561401 0
vt 0.60509699583054 0.13838601112366 0
vt 0.61743301153183 0.13838601112366 0
vt 0.60525101423264 0.17549800872803 0
vt 0.61743301153183 0.17411506175995 0
vt 0.61743301153183 0.2094110250473 0
vt 0.61743301153183 0.23292005062103 0
vt 0.61743301153183 0.25896501541138 0
vt 0.61743301153183 0.277468085289 0
vt 0.354268014431 0.27845001220703 0
vt 0.34324300289154 0.27863907814026 0
vt 0.34324300289154 0.30142903327942 0
vt 0.35380598902702 0.30142903327942 0
vt 0.35431501269341 0.26096105575562 0
vt 0.34324300289154 0.26106107234955 0
vt 0.353619992733 0.23461198806763 0
vt 0.34324300289154 0.23444199562073 0
vt 0.3536120057106 0.2147570848465 0
vt 0.34324300289154 0.21453905105591 0
vt 0.34324300289154 0.17866408824921 0
vt 0.34324300289154 0.13838601112366 0
vt 0.34324300289154 0.09056603908539 0
vt 0.34324300289154 0.03745603561401 0
vt 0.60152000188828 0.17565500736237 0
vt 0.56426799297333 0.2337920665741 0
vt 0.57291197776794 0.23364198207855 0
vt 0.57279497385025 0.21247601509094 0
vt 0.5640349984169 0.25918102264404 0
vt 0.5726609826088 0.25842106342316 0
vt 0.56375700235367 0.27804601192474 0
vt 0.57305300235748 0.27799308300018 0
vt 0.60167700052261 0.13838601112366 0
vt 0.59898799657822 0.09056603908539 0
vt 0.57377600669861 0.03745603561401 0
vt 0.57253897190094 0.03745603561401 0
vt 0.57068300247192 0.09056603908539 0
vt 0.57695198059082 0.09056603908539 0
vt 0.57219302654266 0.17639100551605 0
vt 0.56118297576904 0.2337110042572 0
vt 0.56156897544861 0.25955998897552 0
vt 0.5616620182991 0.27778601646423 0
vt 0.57209700345993 0.13838601112366 0
vt 0.56439197063446 0.09056603908539 0
vt 0.56361699104309 0.03745603561401 0
vt 0.57575500011444 0.13838601112366 0
vt 0.60268902778625 0.03745603561401 0
vt 0.57628202438354 0.1763219833374 0
vt 0.57616299390793 0.21106708049774 0
vt 0.57581502199173 0.23369097709656 0
vt 0.57507699728012 0.26081597805023 0
vt 0.57450598478317 0.2776859998703 0
vt 0.55835199356079 0.09056603908539 0
vt 0.5324689745903 0.17597103118896 0
vt 0.53321397304535 0.13838601112366 0
vt 0.53323000669479 0.21177899837494 0
vt 0.53298699855804 0.23365998268127 0
vt 0.53258097171783 0.25954008102417 0
vt 0.53248000144958 0.27774798870087 0
vt 0.56118899583817 0.03745603561401 0
vt 0.35682600736618 0.21452307701111 0
vt 0.41305899620056 0.13838601112366 0
vt 0.39899298548698 0.13838601112366 0
vt 0.38151898980141 0.09056603908539 0
vt 0.38475599884987 0.13838601112366 0
vt 0.38396599888802 0.03745603561401 0
vt 0.35639598965645 0.23477506637573 0
vt 0.35603201389313 0.26090800762177 0
vt 0.35570299625397 0.2783910036087 0
vt 0.61743301153183 0.30142903327942 0
vt 0.57272100448608 0.30142903327942 0
vt 0.56432998180389 0.30142903327942 0
vt 0.53230798244476 0.30142903327942 0
vt 0.53468501567841 0.09056603908539 0
vt 0.52069801092148 0.17585098743439 0
vt 0.53054797649384 0.17352700233459 0
vt 0.53044599294662 0.13838601112366 0
vt 0.52068001031876 0.13838601112366 0
vt 0.52053898572922 0.21187400817871 0
vt 0.53049999475479 0.20857405662537 0
vt 0.52087098360062 0.23247504234314 0
vt 0.53054797649384 0.23127007484436 0
vt 0.52064102888107 0.25815808773041 0
vt 0.53041899204254 0.25678098201752 0
vt 0.52062600851059 0.27732408046722 0
vt 0.53065198659897 0.27781701087952 0
vt 0.51902002096176 0.30142903327942 0
vt 0.53151297569275 0.03745603561401 0
vt 0.52931201457977 0.09056603908539 0
vt 0.51987397670746 0.09056603908539 0
vt 0.4884369969368 0.17595100402832 0
vt 0.51779800653458 0.17562305927277 0
vt 0.48775601387024 0.2124559879303 0
vt 0.51811397075653 0.21183001995087 0
vt 0.48764801025391 0.23325908184052 0
vt 0.51872301101685 0.23267602920532 0
vt 0.48728001117706 0.25959408283234 0
vt 0.51908099651337 0.25830399990082 0
vt 0.48718699812889 0.27784407138824 0
vt 0.51930201053619 0.27741897106171 0
vt 0.48752701282501 0.30142903327942 0
vt 0.530228972435 0.03745603561401 0
vt 0.51994001865387 0.03745603561401 0
vt 0.51821398735046 0.03745603561401 0
vt 0.48668798804283 0.03745603561401 0
vt 0.47620099782944 0.13838601112366 0
vt 0.48483100533485 0.13838601112366 0
vt 0.4838710129261 0.09056603908539 0
vt 0.4740169942379 0.09056603908539 0
vt 0.47635701298714 0.17705905437469 0
vt 0.4851970076561 0.17715501785278 0
vt 0.47577598690987 0.21391201019287 0
vt 0.48517200350761 0.21258008480072 0
vt 0.47570699453354 0.23407697677612 0
vt 0.48561999201775 0.23372304439545 0
vt 0.47591799497604 0.25988101959229 0
vt 0.48568999767303 0.25959002971649 0
vt 0.47574600577354 0.27786707878113 0
vt 0.4856890141964 0.27751708030701 0
vt 0.47529500722885 0.30142903327942 0
vt 0.48491299152374 0.03745603561401 0
vt 0.47481399774551 0.03745603561401 0
vt 0.42624199390411 0.13838601112366 0
vt 0.44202700257301 0.17657208442688 0
vt 0.47249299287796 0.17639601230621 0
vt 0.47326099872589 0.13838601112366 0
vt 0.4414489865303 0.13838601112366 0
vt 0.44211000204086 0.21344804763794 0
vt 0.47332099080086 0.21277499198914 0
vt 0.44178199768066 0.23415899276733 0
vt 0.47360101342201 0.23390507698059 0
vt 0.44137999415398 0.26044905185699 0
vt 0.47412601113319 0.26000201702118 0
vt 0.44118401408195 0.27826797962189 0
vt 0.47429600358009 0.27797508239746 0
vt 0.44100299477577 0.30142903327942 0
vt 0.46769499778748 0.09056603908539 0
vt 0.44291999936104 0.09056603908539 0
vt 0.42934200167656 0.17691504955292 0
vt 0.43896299600601 0.17674601078033 0
vt 0.43875101208687 0.13838601112366 0
vt 0.42890900373459 0.13838601112366 0
vt 0.42941299080849 0.21374404430389 0
vt 0.4391970038414 0.21330606937408 0
vt 0.42930701375008 0.23385500907898 0
vt 0.43939000368118 0.23378598690033 0
vt 0.4293429851532 0.26008403301239 0
vt 0.4395210146904 0.2599710226059 0
vt 0.42928299307823 0.27832901477814 0
vt 0.43985199928284 0.27828705310822 0
vt 0.42808100581169 0.30142903327942 0
vt 0.47427600622177 0.03745603561401 0
vt 0.44022700190544 0.03745603561401 0
vt 0.43786200881004 0.09056603908539 0
vt 0.42937698960304 0.09056603908539 0
vt 0.42632800340652 0.17691600322723 0
vt 0.42647498846054 0.21396505832672 0
vt 0.42692899703979 0.23427903652191 0
vt 0.42750599980354 0.26058900356293 0
vt 0.42786699533463 0.27832305431366 0
vt 0.43901500105858 0.03745603561401 0
vt 0.428288012743 0.03745603561401 0
vt 0.3867290019989 0.1781200170517 0
vt 0.39600300788879 0.17878401279449 0
vt 0.39603298902512 0.13838601112366 0
vt 0.38699001073837 0.13838601112366 0
vt 0.40094599127769 0.09056603908539 0
vt 0.39787501096725 0.03745603561401 0
vt 0.38694098591805 0.21432197093964 0
vt 0.39599099755287 0.21429300308228 0
vt 0.38679099082947 0.23498201370239 0
vt 0.39648199081421 0.23415899276733 0
vt 0.38692599534988 0.26058399677277 0
vt 0.39678999781609 0.260537981987 0
vt 0.38677000999451 0.27835702896118 0
vt 0.39619401097298 0.27825903892517 0
vt 0.38524600863457 0.30142903327942 0
vt 0.395673006773 0.09056603908539 0
vt 0.38679000735283 0.09056603908539 0
vt 0.38420701026916 0.17785608768463 0
vt 0.38445100188255 0.2139310836792 0
vt 0.38457500934601 0.23438906669617 0
vt 0.3850399851799 0.26094698905945 0
vt 0.38510599732399 0.27823102474213 0
vt 0.39584198594093 0.03745603561401 0
vt 0.38594201207161 0.03745603561401 0
vt 0.26964101195335 0.04732501506805 0
vt 0.15469999611378 0.04731500148773 0
vt 0.18477499485016 0.0473210811615 0
vt 0.06070100143552 0.04431998729706 0
vt 0.14201000332832 0.04731106758118 0
vt 0.19645600020885 0.0473700761795 0
vt 0.1114299967885 0.04730701446533 0
vt 0.10341800004244 0.04726004600525 0
vt 0.0718460008502 0.04708898067474 0
vt 0.06067999824882 0.04640197753906 0
vt 0.20701499283314 0.05031108856201 0
vt 0.20660600066185 0.09515702724457 0
vt 0.2189619988203 0.05316197872162 0
vt 0.21700499951839 0.05082499980927 0
vt 0.18794900178909 0.05306005477905 0
vt 0.18910799920559 0.05019307136536 0
vt 0.02040000073612 0.05411005020142 0
vt 0.05016500130296 0.053955078125 0
vt 0.04897899925709 0.05025398731232 0
vt 0.02136800065637 0.05006301403046 0
vt 0.2303149998188 0.05001604557037 0
vt 0.22841300070286 0.05235207080841 0
vt 0.25898200273514 0.05348300933838 0
vt 0.25806799530983 0.05016899108887 0
vt 0.06100000068545 0.04942607879639 0
vt 0.05868899822235 0.05369007587433 0
vt 0.09057399630547 0.05361700057983 0
vt 0.08934000134468 0.04958605766296 0
vt 0.1020369976759 0.04970908164978 0
vt 0.10040000081062 0.05325400829315 0
vt 0.13385400176048 0.05370604991913 0
vt 0.13214899599552 0.04980897903442 0
vt 0.14351700246334 0.05419099330902 0
vt 0.17769999802113 0.05292499065399 0
vt 0.17653399705887 0.05006098747253 0
vt 0.14401400089264 0.05032598972321 0
vt 0.26821500062943 0.09516501426697 0
vt 0.26790100336075 0.05413508415222 0
vt 0.00869200006127 0.09516501426697 0
vt 0.01033500023186 0.05435907840729 0
# 1487 texture coordinates

o RetopoGroup1
usemtl Default
f 141/3/3 8/2/2 165/1/1
f 139/5/6 1/4/5 8/2/2 141/3/3
f 22/9/10 23/8/9 169/7/8 159/6/7
f 165/13/11 8/12/13 9/11/12 164/10/11
f 1/16/15 11/15/15 12/14/14 8/12/13
f 77/20/19 112/19/18 102/18/17 104/17/16
f 569/24/23 15/23/22 16/22/21 570/21/20
f 15/23/22 17/26/25 18/25/24 16/22/21
f 33/28/27 36/27/26 23/8/9 22/9/10
f 38/30/29 51/29/28 36/27/26 33/28/27
f 63/32/31 65/31/30 51/29/28 38/30/29
f 18/25/24 19/34/33 20/33/32 16/22/21
f 570/21/20 16/22/21 20/33/32 571/35/34
f 75/36/35 77/20/19 65/31/30 63/32/31
f 571/35/34 20/33/32 25/38/37 572/37/36
f 20/33/32 19/34/33 27/39/38 25/38/37
f 572/37/36 25/38/37 28/41/40 573/40/39
f 25/38/37 27/39/38 30/42/41 28/41/40
f 111/43/42 112/19/18 77/20/19 75/36/35
f 64/47/46 31/46/45 34/45/44 66/44/43
f 746/51/50 100/50/49 140/49/48 747/48/47
f 66/44/43 34/45/44 35/53/51 67/52/51
f 39/55/53 34/45/44 31/46/45 37/54/52
f 112/57/18 140/49/48 100/50/49 102/56/17
f 138/59/54 140/49/48 112/57/18 111/58/42
f 40/60/55 35/53/51 34/45/44 39/55/53
f 31/46/45 41/62/57 42/61/56 37/54/52
f 137/64/59 43/63/58 1/4/5 139/5/6
f 60/65/60 41/62/57 31/46/45 64/47/46
f 61/67/62 44/66/61 41/62/57 60/65/60
f 55/69/64 41/62/57 44/66/61 54/68/63
f 55/73/65 46/72/65 47/71/65 56/70/65
f 46/77/66 45/76/66 48/75/66 47/74/66
f 57/81/67 48/80/67 45/79/67 54/78/67
f 56/85/68 47/84/68 48/83/68 57/82/68
f 136/87/70 50/86/69 43/63/58 137/64/59
f 749/91/74 2/90/73 117/89/72 750/88/71
f 1/16/15 43/93/75 52/92/75 11/15/15
f 43/93/75 50/95/76 53/94/76 52/92/75
f 54/99/77 45/98/77 46/97/77 55/96/77
f 56/100/78 42/61/56 41/62/57 55/69/64
f 57/102/80 49/101/79 42/61/56 56/100/78
f 54/68/63 44/66/61 49/101/79 57/102/80
f 71/105/83 62/104/82 61/67/62 73/103/81
f 73/103/81 61/67/62 60/65/60 74/106/84
f 62/104/82 59/107/85 44/66/61 61/67/62
f 74/106/84 60/65/60 64/47/46 76/108/86
f 747/48/47 140/49/48 138/59/54 748/109/87
f 76/108/86 64/47/46 66/44/43 78/110/88
f 169/7/8 172/112/90 170/111/89 159/6/7
f 78/110/88 66/44/43 67/52/51 79/113/91
f 44/66/61 59/107/85 68/114/92 49/101/79
f 72/116/94 70/115/93 62/104/82 71/105/83
f 71/105/83 58/118/96 69/117/95 72/116/94
f 73/103/81 29/119/97 58/118/96 71/105/83
f 74/106/84 26/120/98 29/119/97 73/103/81
f 76/108/86 4/121/99 26/120/98 74/106/84
f 274/123/101 172/112/90 169/7/8 434/122/100
f 78/110/88 7/124/102 4/121/99 76/108/86
f 692/128/106 203/127/105 174/126/104 693/125/103
f 79/113/91 3/129/107 7/124/102 78/110/88
f 573/40/39 28/41/40 80/131/109 574/130/108
f 28/41/40 30/42/41 81/132/110 80/131/109
f 574/130/108 80/131/109 82/134/112 575/133/111
f 80/131/109 81/132/110 83/135/113 82/134/112
f 69/117/95 84/137/115 85/136/114 72/116/94
f 575/133/111 82/134/112 86/139/117 576/138/116
f 82/134/112 83/135/113 87/140/118 86/139/117
f 135/142/120 88/141/119 50/86/69 136/87/70
f 50/95/76 88/144/121 89/143/121 53/94/76
f 133/146/123 91/145/122 88/141/119 135/142/120
f 88/144/121 91/148/124 92/147/124 89/143/121
f 134/150/126 94/149/125 91/145/122 133/146/123
f 91/148/124 94/152/127 95/151/127 92/147/124
f 98/155/130 70/115/93 96/154/129 97/153/128
f 70/115/93 72/116/94 85/136/114 96/154/129
f 97/153/128 93/157/132 90/156/131 98/155/130
f 59/107/85 62/104/82 70/115/93 98/155/130
f 59/107/85 98/155/130 90/156/131 68/114/92
f 745/159/134 568/158/133 100/50/49 746/51/50
f 567/160/135 102/56/17 100/50/49 568/158/133
f 566/162/136 104/17/16 102/18/17 567/161/135
f 565/164/138 106/163/137 104/17/16 566/162/136
f 564/166/140 108/165/139 106/163/137 565/164/138
f 563/168/142 110/167/141 108/165/139 564/166/140
f 172/112/90 173/170/144 171/169/143 170/111/89
f 237/171/145 173/170/144 172/112/90 274/123/101
f 740/175/149 116/174/148 115/173/147 741/172/146
f 741/172/146 115/173/147 113/177/151 742/176/150
f 742/176/150 113/177/151 114/179/153 743/178/152
f 113/177/151 105/181/155 103/180/154 114/179/153
f 115/173/147 107/182/156 105/181/155 113/177/151
f 116/174/148 109/183/157 107/182/156 115/173/147
f 691/185/159 176/184/158 203/127/105 692/128/106
f 743/178/152 114/179/153 99/187/161 744/186/160
f 99/187/161 114/179/153 103/180/154 101/188/162
f 84/192/115 118/191/164 119/190/163 85/189/114
f 576/138/116 86/139/117 120/194/166 577/193/165
f 86/139/117 87/140/118 121/195/167 120/194/166
f 85/199/168 119/198/168 122/197/168 123/196/168
f 85/203/114 123/202/170 124/201/169 96/200/129
f 96/200/129 124/201/169 125/205/171 97/204/128
f 97/204/128 125/205/171 126/207/172 93/206/132
f 122/211/174 127/210/173 124/209/169 123/208/170
f 127/210/173 128/213/175 125/212/171 124/209/169
f 128/213/175 129/215/176 126/214/172 125/212/171
f 119/219/178 130/218/177 127/217/173 122/216/174
f 127/217/173 130/218/177 131/221/179 128/220/175
f 128/220/175 131/221/179 132/223/180 129/222/176
f 133/146/123 90/156/131 93/157/132 134/150/126
f 135/142/120 68/114/92 90/156/131 133/146/123
f 136/87/70 49/101/79 68/114/92 135/142/120
f 137/64/59 42/61/56 49/101/79 136/87/70
f 139/5/6 37/54/52 42/61/56 137/64/59
f 766/227/182 174/226/104 203/225/105 767/224/181
f 141/3/3 39/55/53 37/54/52 139/5/6
f 767/224/181 203/225/105 176/229/158 731/228/183
f 165/1/1 40/60/55 39/55/53 141/3/3
f 739/231/185 166/230/184 116/174/148 740/175/149
f 167/232/186 109/183/157 116/174/148 166/230/184
f 562/234/188 168/233/187 110/167/141 563/168/142
f 93/206/132 126/207/172 146/236/189 134/235/126
f 126/214/172 129/215/176 147/238/191 146/237/190
f 129/222/176 132/223/180 148/240/192 147/239/191
f 147/244/193 148/243/193 134/242/193 146/241/193
f 94/248/125 134/247/126 148/246/195 149/245/194
f 94/152/127 149/250/196 150/249/196 95/151/127
f 577/193/165 120/194/166 151/252/198 578/251/197
f 120/194/166 121/195/167 153/253/199 151/252/198
f 118/257/164 152/256/201 154/255/200 119/254/163
f 119/254/163 154/255/200 155/259/203 130/258/202
f 130/258/202 155/259/203 156/261/205 131/260/204
f 131/260/204 156/261/205 157/263/207 132/262/206
f 132/262/206 157/263/207 158/265/208 148/264/195
f 148/264/195 158/265/208 149/266/194
f 149/250/196 158/268/209 160/267/209 150/249/196
f 150/272/210 160/271/212 161/270/211 162/269/210
f 9/275/215 163/274/214 164/273/213
f 65/31/30 77/20/19 104/17/16 106/163/137
f 51/29/28 65/31/30 106/163/137 108/165/139
f 36/27/26 51/29/28 108/165/139 110/167/141
f 23/8/9 36/27/26 110/167/141 168/233/187
f 8/12/13 12/14/14 9/11/12
f 9/275/215 12/277/216 208/276/216 163/274/214
f 12/277/216 11/279/217 206/278/217 208/276/216
f 732/282/220 557/281/219 314/280/218 731/228/183
f 11/279/217 52/284/221 202/283/221 206/278/217
f 52/284/221 53/286/222 200/285/222 202/283/221
f 53/286/222 89/288/223 198/287/223 200/285/222
f 89/288/223 92/290/224 185/289/224 198/287/223
f 92/290/224 95/292/225 183/291/225 185/289/224
f 95/292/225 150/272/210 162/269/210 183/291/225
f 184/296/229 177/295/228 178/294/227 183/293/226
f 177/295/228 179/298/231 180/297/230 178/294/227
f 178/294/227 180/297/230 181/300/233 182/299/232
f 183/293/226 178/294/227 182/299/232 185/301/234
f 183/293/226 162/302/235 184/296/229
f 733/306/239 175/305/238 204/304/237 734/303/236
f 161/310/240 186/309/240 184/308/229 162/307/235
f 177/314/242 184/313/242 187/312/241 188/311/241
f 184/318/244 186/317/244 189/316/243 187/315/243
f 186/322/246 161/321/246 190/320/245 189/319/245
f 187/315/243 189/316/243 191/324/247 192/323/247
f 189/319/245 190/320/245 193/326/248 191/325/248
f 187/312/241 192/328/249 194/327/249 188/311/241
f 191/332/251 193/331/251 195/330/250 192/329/250
f 181/300/233 196/334/253 197/333/252 182/299/232
f 182/299/232 197/333/252 198/335/254 185/301/234
f 690/337/256 558/336/255 176/184/158 691/185/159
f 196/334/253 199/338/257 197/333/252
f 197/333/252 199/338/258 200/339/258 198/335/254
f 688/341/260 204/304/237 175/305/238 689/340/259
f 199/338/258 201/343/261 202/342/261 200/339/258
f 201/343/261 205/345/262 206/344/262 202/342/261
f 734/303/236 204/304/237 688/341/260 735/346/263
f 736/350/267 228/349/266 291/348/265 737/347/264
f 249/352/269 286/351/268 291/348/265 228/349/266
f 559/354/271 237/171/145 274/123/101 560/353/270
f 205/345/262 207/356/272 208/355/272 206/344/262
f 560/353/270 274/123/101 434/122/100 561/357/273
f 193/361/277 209/360/276 210/359/275 195/358/274
f 209/365/279 211/364/279 212/363/278 210/362/278
f 678/369/283 213/368/282 214/367/281 679/366/280
f 578/251/197 151/252/198 215/371/285 579/370/284
f 579/370/284 215/371/285 217/373/287 580/372/286
f 152/256/201 216/375/289 219/374/288 154/255/200
f 216/375/289 218/377/291 220/376/290 219/374/288
f 580/381/286 217/380/294 221/379/293 581/378/292
f 581/378/292 221/379/293 222/383/296 582/382/295
f 220/376/290 223/385/298 224/384/297 219/374/288
f 219/374/288 224/384/297 155/259/203 154/255/200
f 155/259/203 224/384/297 225/386/299 156/261/205
f 156/261/205 225/386/299 226/387/300 157/263/207
f 157/263/207 226/387/300 227/388/301 158/265/208
f 291/348/265 286/351/268 436/390/303 440/389/302
f 158/268/209 227/392/304 229/391/304 160/267/209
f 160/271/212 229/394/306 230/393/305 161/270/211
f 161/270/211 230/393/305 231/396/307 190/395/307
f 230/400/309 232/399/309 233/398/308 231/397/308
f 230/400/309 229/402/310 227/401/310 232/399/309
f 223/385/298 234/403/311 225/386/299 224/384/297
f 234/403/311 235/404/312 226/387/300 225/386/299
f 235/404/312 236/405/313 227/388/301 226/387/300
f 737/347/264 291/348/265 440/389/302 738/406/314
f 236/410/313 238/409/316 232/408/315 227/407/301
f 238/409/316 239/412/318 233/411/317 232/408/315
f 190/395/307 231/396/307 240/413/319 193/361/277
f 193/361/277 240/413/319 241/414/320 209/360/276
f 231/397/308 233/398/308 242/416/321 240/415/321
f 240/415/321 242/416/321 243/418/322 241/417/322
f 233/411/317 239/412/318 244/420/324 242/419/323
f 242/419/323 244/420/324 245/422/326 243/421/325
f 582/382/295 222/383/296 246/424/328 583/423/327
f 583/423/327 246/424/328 247/426/330 584/425/329
f 584/425/329 247/426/330 248/428/332 585/427/331
f 403/432/336 370/431/335 302/430/334 303/429/333
f 585/427/331 248/428/332 250/434/338 586/433/337
f 586/433/337 250/434/338 251/436/340 542/435/339
f 543/439/341 244/438/324 239/437/318 542/435/339
f 543/439/341 252/442/344 253/441/343 544/440/342
f 209/365/279 241/444/345 243/443/345 211/364/279
f 677/446/347 254/445/346 213/368/282 678/369/283
f 676/448/349 255/447/348 254/445/346 677/446/347
f 674/452/353 256/451/352 545/450/351 675/449/350
f 545/450/351 256/451/352 257/454/355 546/453/354
f 255/447/348 258/456/357 259/455/356 254/445/346
f 546/460/354 257/459/355 260/458/359 547/457/358
f 547/457/358 260/458/359 261/462/361 548/461/360
f 548/461/360 261/462/361 263/464/363 549/463/362
f 262/466/365 264/465/364 214/367/281 213/368/282
f 259/455/356 262/466/365 213/368/282 254/445/346
f 177/470/228 265/469/366 266/468/366 179/467/231
f 177/474/367 188/473/368 267/472/368 265/471/367
f 188/473/368 194/476/369 268/475/369 267/472/368
f 194/480/372 269/479/371 270/478/370 268/477/370
f 891/484/376 272/483/375 273/482/374 971/481/373
f 334/485/377 403/432/336 303/429/333 314/280/218
f 890/487/379 275/486/378 272/483/375 891/484/376
f 889/489/381 276/488/380 275/486/378 890/487/379
f 888/491/383 277/490/382 276/488/380 889/489/381
f 884/493/385 278/492/384 277/490/382 888/491/383
f 825/497/387 780/496/387 781/495/386 826/494/386
f 826/494/386 781/495/386 782/499/388 827/498/388
f 827/498/388 782/499/388 783/501/389 828/500/389
f 876/505/393 280/504/392 271/503/391 883/502/390
f 853/509/395 844/508/395 845/507/394 854/506/394
f 817/513/397 797/512/397 792/511/396 818/510/396
f 818/510/396 792/511/396 793/515/398 819/514/398
f 804/519/400 772/518/400 773/517/399 805/516/399
f 805/516/399 773/517/399 774/521/401 806/520/401
f 806/520/401 774/521/401 775/523/402 807/522/402
f 556/524/403 334/485/377 314/280/218 557/281/219
f 807/522/402 775/523/402 833/525/404
f 287/529/406 289/528/406 290/527/405 288/526/405
f 324/533/410 332/532/409 322/531/408 330/530/407
f 287/529/406 285/535/411 292/534/411 289/528/406
f 285/535/411 284/537/413 293/536/412 292/534/411
f 284/537/413 294/539/415 295/538/414 293/536/412
f 284/542/413 283/541/416 294/540/415
f 282/544/418 296/543/417 294/540/415 283/541/416
f 282/544/418 281/546/420 297/545/419 296/543/417
f 281/546/420 269/479/371 194/480/372 297/545/419
f 194/550/372 298/549/422 299/548/421 297/547/419
f 192/552/250 195/551/250 298/549/422 194/550/372
f 297/547/419 299/548/421 300/554/423 296/553/417
f 296/553/417 300/554/423 295/538/414 294/539/415
f 289/558/426 301/557/426 386/556/425 290/555/424
f 686/560/428 324/533/410 330/530/407 687/559/427
f 289/558/426 292/562/429 304/561/429 301/557/426
f 292/562/429 293/564/430 305/563/430 304/561/429
f 293/564/430 295/566/431 306/565/431 305/563/430
f 295/566/431 300/568/432 307/567/432 306/565/431
f 300/568/432 299/570/433 308/569/433 307/567/432
f 298/571/434 210/359/275 308/569/433 299/570/433
f 210/359/275 298/571/434 195/358/274
f 210/362/278 212/363/278 309/573/435 308/572/435
f 308/572/435 309/573/435 310/575/436 307/574/436
f 307/574/436 310/575/436 311/577/437 306/576/437
f 306/576/437 311/577/437 312/579/438 305/578/438
f 305/578/438 312/579/438 313/581/439 304/580/439
f 304/580/439 313/581/439 315/583/440 301/582/440
f 335/587/442 343/586/442 386/585/441 316/584/441
f 301/582/440 315/583/440 316/584/441 386/585/441
f 679/366/280 214/367/281 317/589/444 680/588/443
f 680/588/443 317/589/444 318/591/446 681/590/445
f 681/590/445 318/591/446 319/593/448 682/592/447
f 682/592/447 319/593/448 320/595/450 683/594/449
f 683/594/449 320/595/450 321/597/452 684/596/451
f 684/596/451 321/597/452 323/599/454 685/598/453
f 343/603/456 335/602/456 368/601/455 373/600/455
f 685/598/453 323/599/454 324/533/410 686/560/428
f 214/367/281 264/465/364 325/604/457 317/589/444
f 317/589/444 325/604/457 326/605/458 318/591/446
f 318/591/446 326/605/458 327/606/459 319/593/448
f 319/593/448 327/606/459 328/607/460 320/595/450
f 320/595/450 328/607/460 329/608/461 321/597/452
f 321/597/452 329/608/461 331/609/462 323/599/454
f 373/612/465 401/611/464 386/556/425 343/610/463
f 323/599/454 331/609/462 332/532/409 324/533/410
f 555/614/467 333/613/466 334/485/377 556/524/403
f 373/600/455 368/601/455 442/616/468 430/615/468
f 554/618/470 336/617/469 333/613/466 555/614/467
f 553/620/472 337/619/471 336/617/469 554/618/470
f 552/622/474 338/621/473 337/619/471 553/620/472
f 551/624/476 339/623/475 338/621/473 552/622/474
f 550/626/478 340/625/477 339/623/475 551/624/476
f 549/463/362 263/464/363 340/625/477 550/626/478
f 489/629/480 370/431/335 369/628/479 488/627/479
f 428/631/481 401/611/464 373/612/465 430/630/481
f 488/627/479 369/628/479 367/633/479 490/632/479
f 490/632/479 367/633/479 366/635/479 491/634/482
f 491/634/482 366/635/479 365/637/479 492/636/483
f 492/636/483 365/637/479 364/639/479 493/638/484
f 493/638/484 364/639/479 363/641/479 494/640/485
f 494/640/485 363/641/479 362/643/479 495/642/486
f 495/642/486 362/643/479 361/645/479 496/644/479
f 496/644/479 361/645/479 360/647/488 497/646/487
f 497/646/487 360/647/488 359/649/490 498/648/489
f 498/653/489 359/652/490 356/651/492 499/650/491
f 671/655/494 499/650/491 356/651/492 672/654/493
f 389/659/497 358/658/496 357/657/496 390/656/495
f 672/654/493 356/651/492 391/661/499 673/660/498
f 500/663/496 357/657/496 358/658/496 501/662/496
f 391/661/499 356/651/492 359/652/490 392/664/500
f 392/666/500 359/649/490 360/647/488 393/665/501
f 393/665/501 360/647/488 361/645/479 394/667/502
f 394/667/502 361/645/479 362/643/479 395/668/503
f 395/668/503 362/643/479 363/641/479 396/669/504
f 396/669/504 363/641/479 364/639/479 397/670/505
f 397/670/505 364/639/479 365/637/479 398/671/506
f 398/671/506 365/637/479 366/635/479 399/672/507
f 399/672/507 366/635/479 367/633/479 400/673/508
f 400/673/508 367/633/479 369/628/479 402/674/509
f 290/555/424 386/556/425 401/611/464
f 402/674/509 369/628/479 370/431/335 403/432/336
f 388/676/510 371/675/496 358/658/496 389/659/497
f 387/678/511 372/677/496 371/675/496 388/676/510
f 385/680/512 374/679/496 372/677/496 387/678/511
f 288/526/405 290/527/405 401/681/513
f 384/683/514 375/682/496 374/679/496 385/680/512
f 383/685/515 376/684/496 375/682/496 384/683/514
f 382/687/517 377/686/516 376/684/496 383/685/515
f 380/689/519 378/688/518 377/686/516 382/687/517
f 381/691/521 379/690/520 378/688/518 380/689/519
f 380/689/519 221/379/293 217/380/294 381/691/521
f 382/687/517 222/383/296 221/379/293 380/689/519
f 383/685/515 246/424/328 222/383/296 382/687/517
f 384/683/514 247/426/330 246/424/328 383/685/515
f 385/680/512 248/428/332 247/426/330 384/683/514
f 273/695/525 882/694/524 874/693/523 428/692/522
f 387/678/511 250/434/338 248/428/332 385/680/512
f 388/676/510 251/436/340 250/434/338 387/678/511
f 389/659/497 252/442/344 251/436/340 388/676/510
f 390/656/495 253/441/343 252/442/344 389/659/497
f 673/660/498 391/661/499 256/451/352 674/452/353
f 392/664/500 257/454/355 256/451/352 391/661/499
f 393/665/501 260/458/359 257/459/355 392/666/500
f 394/667/502 261/462/361 260/458/359 393/665/501
f 395/668/503 263/464/363 261/462/361 394/667/502
f 396/669/504 340/625/477 263/464/363 395/668/503
f 397/670/505 339/623/475 340/625/477 396/669/504
f 398/671/506 338/621/473 339/623/475 397/670/505
f 399/672/507 337/619/471 338/621/473 398/671/506
f 400/673/508 336/617/469 337/619/471 399/672/507
f 402/674/509 333/613/466 336/617/469 400/673/508
f 163/696/526 208/355/272 207/356/272
f 403/432/336 334/485/377 333/613/466 402/674/509
f 215/371/285 404/698/528 381/697/527 217/373/287
f 215/371/285 151/252/198 153/253/199 404/698/528
f 381/697/527 404/698/528 405/700/530 379/699/529
f 404/698/528 153/253/199 406/701/531 405/700/530
f 465/705/535 407/704/534 408/703/533 466/702/532
f 464/707/537 409/706/536 407/704/534 465/705/535
f 463/711/541 410/710/540 409/709/539 464/708/538
f 462/713/543 411/712/542 410/710/540 463/711/541
f 153/253/199 121/195/167 412/714/544 406/701/531
f 461/716/546 413/715/545 411/712/542 462/713/543
f 121/195/167 87/140/118 414/717/547 412/714/544
f 87/140/118 83/135/113 415/718/547 414/717/547
f 83/135/113 81/132/110 416/719/548 415/718/547
f 458/723/552 417/722/551 418/721/550 459/720/549
f 459/720/549 418/721/550 419/725/554 460/724/553
f 460/724/553 419/725/554 413/715/545 461/716/546
f 411/712/542 413/715/545 420/727/556 421/726/555
f 411/712/542 421/726/555 422/728/557 410/710/540
f 457/730/559 424/729/558 417/722/551 458/723/552
f 417/722/551 424/729/558 425/732/561 426/731/560
f 416/719/548 81/132/110 30/42/41 423/733/562
f 30/42/41 27/39/38 427/734/563 423/733/562
f 27/39/38 19/34/33 429/735/547 427/734/563
f 207/739/566 832/738/566 946/737/565 163/736/564
f 19/34/33 18/25/24 431/740/567 429/735/547
f 164/273/213 163/274/214 428/631/481 430/630/481
f 18/25/24 17/26/25 432/741/568 431/740/567
f 456/743/547 433/742/547 424/729/558 457/730/559
f 455/745/547 435/744/547 433/742/547 456/743/547
f 165/747/569 164/746/569 430/615/468 442/616/468
f 454/749/571 437/748/570 435/744/547 455/745/547
f 561/357/273 434/122/100 168/233/187 562/234/188
f 453/751/573 438/750/572 437/748/570 454/749/571
f 424/729/558 433/742/547 439/752/574 425/732/561
f 433/742/547 435/744/547 441/753/575 439/752/574
f 166/755/184 440/389/302 436/390/303 167/754/186
f 435/744/547 437/748/570 443/756/576 441/753/575
f 738/406/314 440/389/302 166/755/184 739/757/185
f 437/748/570 438/750/572 444/758/577 443/756/576
f 417/762/578 426/761/580 445/760/579 446/759/578
f 417/766/582 446/765/582 447/764/581 418/763/581
f 418/763/581 447/764/581 448/768/583 419/767/583
f 419/767/583 448/768/583 449/770/584 413/769/584
f 413/774/587 449/773/587 450/772/586 420/771/585
f 449/778/588 448/777/589 451/776/589 450/775/588
f 448/777/589 447/780/590 452/779/590 451/776/589
f 447/780/590 446/782/591 445/781/591 452/779/590
f 23/8/9 168/233/187 434/122/100 169/7/8
f 5/784/593 145/783/592 117/89/72 2/90/73
f 6/788/595 144/787/594 145/786/592 5/785/593
f 10/790/597 143/789/596 144/787/594 6/788/595
f 13/792/599 142/791/598 143/789/596 10/790/597
f 21/794/601 32/793/600 142/791/598 13/792/599
f 14/796/603 24/795/602 32/793/600 21/794/601
f 21/794/601 33/28/27 22/9/10 14/796/603
f 13/792/599 38/30/29 33/28/27 21/794/601
f 10/790/597 63/32/31 38/30/29 13/792/599
f 6/788/595 75/36/35 63/32/31 10/790/597
f 5/785/593 111/43/42 75/36/35 6/788/595
f 2/90/73 138/59/54 111/58/42 5/784/593
f 748/109/87 138/59/54 2/90/73 749/91/74
f 454/749/571 431/740/567 432/741/568 453/751/573
f 455/745/547 429/735/547 431/740/567 454/749/571
f 456/743/547 427/734/563 429/735/547 455/745/547
f 457/730/559 423/733/562 427/734/563 456/743/547
f 458/723/552 416/719/548 423/733/562 457/730/559
f 459/720/549 415/718/547 416/719/548 458/723/552
f 460/724/553 414/717/547 415/718/547 459/720/549
f 461/716/546 412/714/544 414/717/547 460/724/553
f 462/713/543 406/701/531 412/714/544 461/716/546
f 463/711/541 405/700/530 406/701/531 462/713/543
f 464/708/538 379/699/529 405/700/530 463/711/541
f 465/705/535 378/688/518 379/690/520 464/707/537
f 466/702/532 377/686/516 378/688/518 465/705/535
f 14/796/603 22/9/10 159/6/7 467/797/604
f 467/797/604 159/6/7 170/111/89 468/798/605
f 468/798/605 170/111/89 171/169/143 469/799/606
f 693/125/103 174/126/104 470/801/608 694/800/607
f 695/805/612 482/804/611 471/803/610 696/802/609
f 14/809/614 473/808/614 474/807/613 24/806/613
f 14/813/615 467/812/616 475/811/616 473/810/615
f 467/812/616 468/815/617 476/814/617 475/811/616
f 468/815/617 469/817/618 477/816/618 476/814/617
f 481/820/619 472/819/620 478/818/619
f 477/824/624 478/823/623 479/822/622 476/821/621
f 476/821/621 479/822/622 480/826/626 475/825/625
f 475/825/625 480/826/626 474/828/628 473/827/627
f 478/818/619 477/830/629 469/829/629 481/820/619
f 694/800/607 470/801/608 482/804/611 695/805/612
f 472/832/631 483/831/630 479/822/622 478/823/623
f 479/822/622 483/831/630 484/833/632 480/826/626
f 480/826/626 484/833/632 485/834/633 474/828/628
f 474/807/613 485/835/634 24/806/613
f 24/795/602 485/837/633 486/836/635 32/793/600
f 32/793/600 486/836/635 487/838/636 142/791/598
f 488/627/479 341/840/479 342/839/637 489/629/480
f 490/632/479 344/841/479 341/840/479 488/627/479
f 491/634/482 345/842/638 344/841/479 490/632/479
f 492/636/483 346/843/639 345/842/638 491/634/482
f 493/638/484 347/844/640 346/843/639 492/636/483
f 494/640/485 348/845/641 347/844/640 493/638/484
f 495/642/486 349/846/642 348/845/641 494/640/485
f 496/644/479 350/847/479 349/846/642 495/642/486
f 497/646/487 351/848/643 350/847/479 496/644/479
f 498/648/489 352/849/644 351/848/643 497/646/487
f 499/650/491 353/851/645 352/850/644 498/653/489
f 670/852/646 353/851/645 499/650/491 671/655/494
f 501/662/496 355/854/648 354/853/647 500/663/496
f 370/431/335 489/629/480 502/855/649 302/430/334
f 765/857/650 470/856/608 174/226/104 766/227/182
f 764/859/651 482/858/611 470/856/608 765/857/650
f 502/855/649 489/629/480 342/839/637 503/860/652
f 763/862/653 471/861/610 482/858/611 764/859/651
f 750/88/71 117/89/72 505/864/655 751/863/654
f 117/89/72 145/783/592 506/865/656 505/864/655
f 145/786/592 144/787/594 507/867/657 506/866/656
f 144/787/594 143/789/596 508/868/658 507/867/657
f 143/789/596 142/791/598 487/838/636 508/868/658
f 410/710/540 422/728/557 509/869/659 409/709/539
f 409/706/536 509/871/659 510/870/660 407/704/534
f 407/704/534 510/870/660 511/872/661 408/703/533
f 354/853/647 355/854/648 512/874/663 513/873/662
f 669/876/665 514/875/664 353/851/645 670/852/646
f 353/851/645 514/875/664 515/877/666 352/850/644
f 352/849/644 515/879/666 516/878/667 351/848/643
f 351/848/643 516/878/667 517/880/668 350/847/479
f 350/847/479 517/880/668 518/881/669 349/846/642
f 345/842/638 346/843/639 519/883/671 520/882/670
f 345/842/638 520/882/670 521/884/672 344/841/479
f 344/841/479 521/884/672 522/885/673 341/840/479
f 341/840/479 522/885/673 523/886/674 342/839/637
f 342/839/637 523/886/674 504/887/675 503/860/652
f 346/891/678 524/890/678 525/889/677 519/888/676
f 346/891/679 347/893/680 526/892/680 524/890/679
f 347/893/680 348/895/681 527/894/681 526/892/680
f 524/899/682 526/898/683 528/897/683 525/896/682
f 526/898/683 527/901/684 529/900/684 528/897/683
f 527/901/684 530/903/685 531/902/685 529/900/684
f 530/907/688 349/906/688 518/905/687 531/904/686
f 527/894/681 348/895/681 349/906/689 530/907/689
f 529/911/690 531/910/691 532/909/691 533/908/690
f 529/911/690 533/908/690 534/913/692 528/912/692
f 528/912/692 534/913/692 535/915/693 525/914/693
f 534/919/695 536/918/695 537/917/694 535/916/694
f 534/919/695 533/921/696 538/920/696 536/918/695
f 533/921/696 532/923/697 539/922/697 538/920/696
f 531/927/686 540/926/699 539/925/698 532/924/698
f 531/904/686 518/905/687 540/928/699
f 519/888/676 525/889/677 541/929/700
f 525/933/677 535/932/701 537/931/701 541/930/700
f 542/435/339 251/436/340 252/442/344 543/439/341
f 544/440/342 245/934/326 244/438/324 543/439/341
f 675/449/350 545/450/351 255/936/348 676/935/349
f 546/453/354 258/937/357 255/936/348 545/450/351
f 547/457/358 259/939/356 258/938/357 546/460/354
f 548/461/360 262/940/365 259/939/356 547/457/358
f 549/463/362 264/941/364 262/940/365 548/461/360
f 550/626/478 325/942/457 264/941/364 549/463/362
f 551/624/476 326/943/458 325/942/457 550/626/478
f 552/622/474 327/944/459 326/943/458 551/624/476
f 553/620/472 328/945/460 327/944/459 552/622/474
f 554/618/470 329/946/461 328/945/460 553/620/472
f 555/614/467 331/947/462 329/946/461 554/618/470
f 556/524/403 332/948/409 331/947/462 555/614/467
f 557/281/219 322/949/408 332/948/409 556/524/403
f 732/282/220 558/952/255 175/951/238 733/950/239
f 689/954/259 175/953/238 558/336/255 690/337/256
f 560/353/270 286/956/268 249/955/269 559/354/271
f 561/357/273 436/957/303 286/956/268 560/353/270
f 562/234/188 167/958/186 436/957/303 561/357/273
f 563/168/142 109/959/157 167/958/186 562/234/188
f 564/166/140 107/960/156 109/959/157 563/168/142
f 565/164/138 105/961/155 107/960/156 564/166/140
f 566/162/136 103/962/154 105/961/155 565/164/138
f 567/161/135 101/963/162 103/962/154 566/162/136
f 568/158/133 99/965/161 101/964/162 567/160/135
f 744/966/160 99/965/161 568/158/133 745/159/134
f 570/21/20 7/968/102 3/967/107 569/24/23
f 571/35/34 4/969/99 7/968/102 570/21/20
f 572/37/36 26/970/98 4/969/99 571/35/34
f 573/40/39 29/971/97 26/970/98 572/37/36
f 574/130/108 58/972/96 29/971/97 573/40/39
f 575/133/111 69/973/95 58/972/96 574/130/108
f 576/138/116 84/974/115 69/973/95 575/133/111
f 577/193/165 118/975/164 84/974/115 576/138/116
f 578/251/197 152/976/201 118/975/164 577/193/165
f 579/370/284 216/977/289 152/976/201 578/251/197
f 580/372/286 218/978/291 216/977/289 579/370/284
f 581/378/292 220/980/290 218/979/291 580/381/286
f 582/382/295 223/981/298 220/980/290 581/378/292
f 583/423/327 234/982/311 223/981/298 582/382/295
f 584/425/329 235/983/312 234/982/311 583/423/327
f 585/427/331 236/984/313 235/983/312 584/425/329
f 586/433/337 238/985/316 236/984/313 585/427/331
f 542/435/339 239/437/318 238/985/316 586/433/337
f 445/781/703 587/987/703 588/986/702 452/779/702
f 452/779/702 588/986/702 589/988/704 451/776/704
f 451/776/704 589/988/704 590/989/705 450/775/705
f 450/993/586 590/992/707 591/991/707 592/990/706
f 450/772/586 592/994/706 420/771/585
f 589/998/709 593/997/709 591/996/708 590/995/708
f 589/998/709 588/1000/710 594/999/710 593/997/709
f 588/1000/710 587/1002/711 595/1001/711 594/999/710
f 445/1006/579 596/1005/713 595/1004/712 587/1003/712
f 445/760/579 426/761/580 596/1007/713
f 425/732/561 597/1009/715 596/1008/714 426/731/560
f 425/732/561 439/752/574 598/1010/716 597/1009/715
f 439/752/574 441/753/575 599/1011/717 598/1010/716
f 441/753/575 443/756/576 600/1012/718 599/1011/717
f 443/756/576 444/758/577 601/1013/719 600/1012/718
f 420/727/556 592/1015/721 602/1014/720 421/726/555
f 421/726/555 602/1014/720 603/1016/722 422/728/557
f 422/728/557 603/1016/722 604/1017/723 509/869/659
f 509/871/659 604/1019/723 605/1018/724 510/870/660
f 510/870/660 605/1018/724 606/1020/725 511/872/661
f 605/1024/729 607/1023/728 608/1022/727 606/1021/726
f 605/1024/729 604/1026/731 603/1025/730 607/1023/728
f 603/1025/730 602/1028/733 609/1027/732 607/1023/728
f 602/1028/733 592/1030/735 591/1029/734 609/1027/732
f 607/1023/728 609/1027/732 591/1029/734 608/1022/727
f 606/1034/736 608/1033/737 610/1032/737 611/1031/736
f 511/1038/738 606/1037/736 611/1036/736 612/1035/738
f 511/1038/738 612/1035/738 613/1040/739 408/1039/739
f 408/1039/739 613/1040/739 614/1042/740 466/1041/740
f 466/1041/740 614/1042/740 615/1044/741 377/1043/741
f 377/1048/743 615/1047/743 616/1046/742 376/1045/742
f 376/1045/742 616/1046/742 617/1050/744 375/1049/744
f 375/1049/744 617/1050/744 618/1052/745 374/1051/745
f 374/1051/745 618/1052/745 619/1054/746 372/1053/746
f 372/1053/746 619/1054/746 620/1056/747 371/1055/747
f 371/1055/747 620/1056/747 621/1058/748 358/1057/748
f 358/1062/750 621/1061/750 622/1060/749 501/1059/749
f 501/1059/749 622/1060/749 623/1064/751 355/1063/751
f 355/1063/751 623/1064/751 624/1066/752 512/1065/752
f 621/1070/756 620/1069/755 625/1068/754 622/1067/753
f 620/1069/755 619/1072/758 626/1071/757 625/1068/754
f 619/1072/758 618/1074/760 627/1073/759 626/1071/757
f 618/1074/760 617/1076/762 628/1075/761 627/1073/759
f 617/1076/762 616/1078/764 629/1077/763 628/1075/761
f 616/1078/764 615/1080/766 614/1079/765 629/1077/763
f 614/1079/765 613/1082/768 630/1081/767 629/1077/763
f 629/1077/763 630/1081/767 631/1083/496 628/1075/761
f 628/1075/761 631/1083/496 632/1084/496 627/1073/759
f 627/1073/759 632/1084/496 633/1085/496 626/1071/757
f 626/1071/757 633/1085/496 634/1086/769 625/1068/754
f 625/1068/754 634/1086/769 623/1087/770 622/1067/753
f 623/1087/770 634/1086/769 635/1089/772 624/1088/771
f 634/1086/769 633/1085/496 636/1090/773 635/1089/772
f 633/1085/496 632/1084/496 637/1091/774 636/1090/773
f 632/1084/496 631/1083/496 638/1092/775 637/1091/774
f 631/1083/496 630/1081/767 639/1093/776 638/1092/775
f 630/1081/767 613/1082/768 612/1094/777 639/1093/776
f 611/1096/779 640/1095/778 639/1093/776 612/1094/777
f 639/1093/776 640/1095/778 641/1097/780 638/1092/775
f 638/1092/775 641/1097/780 642/1098/781 637/1091/774
f 637/1091/774 642/1098/781 643/1099/782 636/1090/773
f 636/1090/773 643/1099/782 644/1100/783 635/1089/772
f 643/1099/782 645/1102/785 646/1101/784 644/1100/783
f 643/1099/782 642/1098/781 647/1103/786 645/1102/785
f 642/1098/781 641/1097/780 648/1104/787 647/1103/786
f 641/1097/780 640/1095/788 649/1105/788 648/1104/787
f 640/1095/788 611/1096/789 610/1106/789 649/1105/788
f 610/1110/791 608/1109/791 650/1108/790 649/1107/790
f 649/1107/790 650/1108/790 651/1112/792 648/1111/792
f 648/1111/792 651/1112/792 652/1114/793 647/1113/793
f 647/1113/793 652/1114/793 653/1116/794 645/1115/794
f 645/1115/794 653/1116/794 654/1118/795 646/1117/795
f 624/1088/771 635/1089/772 644/1100/783 655/1119/796
f 644/1100/783 646/1101/784 656/1120/797 655/1119/796
f 646/1117/795 654/1118/795 657/1122/798 656/1121/798
f 656/1126/800 657/1125/800 658/1124/799 655/1123/799
f 655/1128/799 658/1127/799 512/1065/752 624/1066/752
f 512/874/663 658/1130/802 659/1129/801 513/873/662
f 658/1134/806 657/1133/805 660/1132/804 659/1131/803
f 668/1138/810 661/1137/809 662/1136/808 667/1135/807
f 667/1140/812 662/1139/811 514/875/664 669/876/665
f 661/1141/813 515/877/666 514/875/664 662/1139/811
f 515/879/666 661/1143/813 663/1142/814 516/878/667
f 516/878/667 663/1142/814 664/1144/815 517/880/668
f 517/880/668 664/1144/815 540/1145/816 518/881/669
f 539/1149/820 540/1148/819 664/1147/818 665/1146/817
f 664/1147/818 663/1151/822 666/1150/821 665/1146/817
f 667/1135/807 659/1131/803 660/1132/804 668/1138/810
f 669/876/665 513/873/662 659/1129/801 667/1140/812
f 670/852/646 354/853/647 513/873/662 669/876/665
f 671/655/494 500/663/496 354/853/647 670/852/646
f 672/654/493 357/657/496 500/663/496 671/655/494
f 673/660/498 390/656/495 357/657/496 672/654/493
f 674/452/353 253/441/343 390/656/495 673/660/498
f 675/449/350 544/440/342 253/441/343 674/452/353
f 676/935/349 245/934/326 544/440/342 675/449/350
f 677/446/347 243/1153/325 245/1152/326 676/448/349
f 678/369/283 211/1154/823 243/1153/325 677/446/347
f 679/366/280 212/1155/824 211/1154/823 678/369/283
f 680/588/443 309/1156/825 212/1155/824 679/366/280
f 681/590/445 310/1157/826 309/1156/825 680/588/443
f 682/592/447 311/1158/827 310/1157/826 681/590/445
f 683/594/449 312/1159/828 311/1158/827 682/592/447
f 684/596/451 313/1160/829 312/1159/828 683/594/449
f 685/598/453 315/1161/830 313/1160/829 684/596/451
f 686/560/428 316/1162/831 315/1161/830 685/598/453
f 687/559/427 335/1163/832 316/1162/831 686/560/428
f 735/346/263 688/341/260 228/1165/266 736/1164/267
f 689/340/259 249/1166/269 228/1165/266 688/341/260
f 690/337/256 559/354/271 249/955/269 689/954/259
f 691/185/159 237/171/145 559/354/271 690/337/256
f 692/128/106 173/170/144 237/171/145 691/185/159
f 693/125/103 171/169/143 173/170/144 692/128/106
f 694/800/607 469/799/606 171/169/143 693/125/103
f 695/805/612 481/1167/833 469/799/606 694/800/607
f 696/802/609 472/1168/631 481/1167/833 695/805/612
f 663/1151/822 661/1137/809 668/1138/810 666/1150/821
f 519/883/671 541/1170/835 697/1169/834 520/882/670
f 520/882/670 697/1169/834 698/1171/836 521/884/672
f 521/884/672 698/1171/836 699/1172/837 522/885/673
f 522/885/673 699/1172/837 700/1173/838 523/886/674
f 541/1177/835 537/1176/840 701/1175/839 697/1174/834
f 697/1174/834 701/1175/839 702/1179/841 698/1178/836
f 698/1178/836 702/1179/841 703/1181/842 699/1180/837
f 699/1180/837 703/1181/842 704/1183/843 700/1182/838
f 523/886/674 700/1173/838 705/1184/844 504/887/675
f 762/1186/846 706/1185/845 471/861/610 763/862/653
f 471/803/610 706/1188/845 707/1187/847 696/802/609
f 761/1192/849 707/1191/848 706/1190/845 762/1189/846
f 705/1194/844 700/1182/838 704/1183/843 708/1193/850
f 472/1168/631 696/802/609 707/1187/847 709/1195/851
f 472/1168/631 709/1195/851 710/1197/852 483/1196/630
f 483/1196/630 710/1197/852 711/1199/853 484/1198/632
f 484/1198/632 711/1199/853 712/1200/854 485/837/633
f 760/1202/856 709/1201/855 707/1191/848 761/1192/849
f 759/1204/858 710/1203/857 709/1201/855 760/1202/856
f 758/1206/860 711/1205/859 710/1203/857 759/1204/858
f 757/1208/862 712/1207/861 711/1205/859 758/1206/860
f 485/837/633 712/1200/854 717/1209/863 486/836/635
f 486/836/635 717/1209/863 718/1210/864 487/838/636
f 487/838/636 718/1210/864 719/1211/865 508/868/658
f 508/868/658 719/1211/865 720/1212/866 507/867/657
f 756/1214/868 717/1213/867 712/1207/861 757/1208/862
f 755/1216/870 718/1215/869 717/1213/867 756/1214/868
f 754/1218/872 719/1217/871 718/1215/869 755/1216/870
f 753/1220/873 720/1219/866 719/1217/871 754/1218/872
f 507/867/657 720/1212/866 725/1221/874 506/866/656
f 506/865/656 725/1223/874 726/1222/875 505/864/655
f 751/863/654 505/864/655 726/1222/875 752/1224/876
f 752/1226/876 726/1225/875 720/1219/866 753/1220/873
f 720/1219/866 726/1225/875 725/1227/874
f 596/1231/880 597/1230/879 727/1229/878 595/1228/877
f 597/1230/879 598/1233/882 728/1232/881 727/1229/878
f 598/1233/882 599/1235/884 729/1234/883 728/1232/881
f 599/1235/884 600/1237/886 730/1236/885 729/1234/883
f 600/1237/886 601/1239/719 724/1238/887 730/1236/885
f 727/1229/878 728/1232/881 716/1240/888 595/1228/877
f 724/1238/887 723/1242/890 722/1241/889 730/1236/885
f 666/1150/821 668/1138/810 660/1132/804 665/1146/817
f 722/1241/889 721/1243/891 729/1234/883 730/1236/885
f 728/1232/881 729/1234/883 721/1243/891 716/1240/888
f 708/1193/850 704/1183/843 703/1181/842 713/1244/892
f 608/1022/727 591/1029/734 651/1246/894 650/1245/893
f 703/1181/842 702/1179/841 714/1247/895 713/1244/892
f 651/1246/894 591/1029/734 653/1249/894 652/1248/896
f 665/1146/817 660/1132/804 657/1133/805 539/1149/820
f 702/1179/841 701/1175/839 537/1176/840 714/1247/895
f 539/1149/820 657/1133/805 654/1251/898 538/1250/897
f 653/1249/894 591/1029/734 593/1252/899 654/1251/898
f 716/1240/888 715/1254/901 594/1253/900 595/1228/877
f 537/1176/840 536/1255/902 715/1254/901 714/1247/895
f 593/1252/899 594/1253/900 715/1254/901 654/1251/898
f 538/1250/897 654/1251/898 715/1254/901 536/1255/902
f 731/228/183 176/229/158 558/952/255 732/282/220
f 733/950/239 322/949/408 557/281/219 732/282/220
f 734/303/236 330/530/407 322/531/408 733/306/239
f 735/346/263 687/559/427 330/530/407 734/303/236
f 736/1164/267 335/1163/832 687/559/427 735/346/263
f 737/347/264 368/1257/903 335/1256/832 736/350/267
f 738/406/314 442/1258/904 368/1257/903 737/347/264
f 739/757/185 165/1259/1 442/1258/904 738/406/314
f 740/175/149 40/60/55 165/1/1 739/231/185
f 741/172/146 35/53/51 40/60/55 740/175/149
f 742/176/150 67/52/51 35/53/51 741/172/146
f 743/178/152 79/113/91 67/52/51 742/176/150
f 744/186/160 3/129/107 79/113/91 743/178/152
f 745/159/134 569/24/23 3/967/107 744/966/160
f 746/51/50 15/23/22 569/24/23 745/159/134
f 747/48/47 17/26/25 15/23/22 746/51/50
f 748/109/87 432/741/568 17/26/25 747/48/47
f 749/91/74 453/751/573 432/741/568 748/109/87
f 750/88/71 438/750/572 453/751/573 749/91/74
f 751/863/654 444/758/577 438/750/572 750/88/71
f 752/1224/876 601/1013/719 444/758/577 751/863/654
f 753/1220/873 724/1238/887 601/1239/719 752/1226/876
f 754/1218/872 723/1242/890 724/1238/887 753/1220/873
f 755/1216/870 722/1241/889 723/1242/890 754/1218/872
f 756/1214/868 721/1243/891 722/1241/889 755/1216/870
f 757/1208/862 716/1240/888 721/1243/891 756/1214/868
f 758/1206/860 715/1254/901 716/1240/888 757/1208/862
f 759/1204/858 714/1247/895 715/1254/901 758/1206/860
f 760/1202/856 713/1244/892 714/1247/895 759/1204/858
f 761/1192/849 708/1193/850 713/1244/892 760/1202/856
f 762/1189/846 705/1194/844 708/1193/850 761/1192/849
f 763/862/653 504/887/675 705/1184/844 762/1186/846
f 764/859/651 503/860/652 504/887/675 763/862/653
f 765/857/650 502/855/649 503/860/652 764/859/651
f 766/227/182 302/430/334 502/855/649 765/857/650
f 767/224/181 303/429/333 302/430/334 766/227/182
f 731/228/183 314/280/218 303/429/333 767/224/181
f 768/1263/906 270/1262/906 269/1261/905 769/1260/905
f 769/1260/905 269/1261/905 281/1265/907 770/1264/907
f 770/1264/907 281/1265/907 282/1267/908 771/1266/908
f 771/1266/908 282/1267/908 283/1268/909 772/518/909
f 772/518/909 283/1268/909 284/1269/910 773/517/910
f 773/517/910 284/1269/910 285/1270/911 774/521/911
f 774/521/911 285/1270/911 287/1271/912 775/523/912
f 832/1275/914 207/1274/914 205/1273/913 776/1272/913
f 776/1272/913 205/1273/913 201/1277/915 777/1276/915
f 777/1276/915 201/1277/915 199/1279/916 778/1278/916
f 778/1278/916 199/1279/916 196/1281/917 779/1280/917
f 779/1280/917 196/1281/917 181/1282/918 780/496/918
f 780/496/918 181/1282/918 180/1283/919 781/495/919
f 781/495/919 180/1283/919 179/1284/920 782/499/920
f 782/499/920 179/1284/920 266/1285/921 783/501/921
f 803/1286/922 771/1266/922 772/518/400 804/519/400
f 793/515/924 785/1289/924 786/1288/923 794/1287/923
f 794/1287/923 786/1288/923 787/1291/925 795/1290/925
f 795/1290/925 787/1291/925 788/1293/926 796/1292/926
f 800/1294/927 770/1264/927 771/1266/922 803/1286/922
f 801/1295/928 769/1260/928 770/1264/927 800/1294/927
f 809/1299/930 790/1298/930 791/1297/929 808/1296/929
f 792/511/931 784/1300/931 785/1289/924 793/515/924
f 819/514/398 793/515/398 794/1287/932 820/1301/932
f 820/1301/932 794/1287/932 795/1290/933 821/1302/933
f 821/1302/933 795/1290/933 796/1292/934 822/1303/934
f 797/512/935 789/1304/935 784/1300/931 792/511/931
f 798/1305/936 790/1298/936 789/1304/935 797/512/935
f 799/1306/937 791/1297/937 790/1298/936 798/1305/936
f 809/1299/939 801/1295/939 800/1294/938 810/1307/938
f 802/1308/940 768/1263/940 769/1260/928 801/1295/928
f 810/1307/938 800/1294/938 803/1286/941 811/1309/941
f 811/1309/941 803/1286/941 804/519/942 812/1310/942
f 812/1310/942 804/519/942 805/516/943 813/1311/943
f 813/1311/943 805/516/943 806/520/944 814/1312/944
f 814/1312/944 806/520/944 807/522/945 815/1313/945
f 808/1296/946 802/1308/946 801/1295/939 809/1299/939
f 810/1307/947 789/1304/947 790/1298/930 809/1299/930
f 811/1309/948 784/1300/948 789/1304/947 810/1307/947
f 812/1310/949 785/1289/949 784/1300/948 811/1309/948
f 813/1311/950 786/1288/950 785/1289/949 812/1310/949
f 814/1312/951 787/1291/951 786/1288/950 813/1311/950
f 815/1313/952 788/1293/952 787/1291/951 814/1312/951
f 816/1314/953 798/1305/953 797/512/397 817/513/397
f 837/1316/955 817/513/955 818/510/954 838/1315/954
f 838/1315/954 818/510/954 819/514/956 839/1317/956
f 839/1317/956 819/514/956 820/1301/957 840/1318/957
f 840/1318/957 820/1301/957 821/1302/958 841/1319/958
f 841/1319/958 821/1302/958 822/1303/959 842/1320/959
f 823/1321/960 799/1306/960 798/1305/953 816/1314/953
f 824/1322/961 779/1280/961 780/496/387 825/497/387
f 885/1324/963 279/1323/962 278/492/384 884/493/385
f 893/1326/965 826/494/965 827/498/964 892/1325/964
f 892/1325/964 827/498/964 828/500/966 899/1327/966
f 829/1328/967 778/1278/967 779/1280/961 824/1322/961
f 830/1329/968 777/1276/968 778/1278/967 829/1328/967
f 831/1330/969 776/1272/969 777/1276/968 830/1329/968
f 832/1275/970 776/1272/969 831/1330/969
f 775/523/912 287/1271/912 288/1331/971 833/525/971
f 788/1293/952 815/1313/952 834/1332/972
f 815/1313/945 807/522/945 833/525/973 834/1332/973
f 822/1303/934 796/1292/934 835/1333/974
f 796/1292/926 788/1293/926 834/1332/975 835/1333/975
f 842/1320/959 822/1303/959 835/1333/976 938/1334/976
f 836/1335/977 816/1314/977 817/513/955 837/1316/955
f 920/1339/979 918/1338/979 951/1337/978 944/1336/978
f 944/1336/978 951/1337/978 943/1341/980 942/1340/980
f 942/1340/980 943/1341/980 969/1343/981 941/1342/981
f 941/1342/981 969/1343/981 968/1345/982 940/1344/982
f 940/1344/982 968/1345/982 939/1347/983 967/1346/983
f 967/1346/983 939/1347/983 938/1334/984 966/1348/984
f 843/1349/985 823/1321/985 816/1314/977 836/1335/977
f 919/1351/986 949/1350/986 918/1338/979 920/1339/979
f 854/506/394 845/507/394 846/1353/987 855/1352/987
f 855/1352/987 846/1353/987 847/1355/988 856/1354/988
f 856/1354/988 847/1355/988 848/1357/989 857/1356/989
f 857/1356/989 848/1357/989 849/1359/990 858/1358/990
f 858/1358/990 849/1359/990 850/1361/991 859/1360/991
f 859/1360/991 850/1361/991 966/1348/992 964/1362/992
f 950/1364/993 948/1363/993 949/1350/986 919/1351/986
f 852/1366/994 851/1365/994 844/508/395 853/509/395
f 925/1370/996 960/1369/996 924/1368/995 926/1367/995
f 926/1367/995 924/1368/995 961/1372/997 928/1371/997
f 928/1371/997 961/1372/997 927/1374/998 932/1373/998
f 932/1373/998 927/1374/998 931/1376/999 934/1375/999
f 934/1375/999 931/1376/999 933/1378/1000 936/1377/1000
f 936/1377/1000 933/1378/1000 935/1380/1001 937/1379/1001
f 937/1379/1001 935/1380/1001 964/1362/1002 965/1381/1002
f 923/1383/1003 959/1382/1003 960/1369/996 925/1370/996
f 877/1384/1004 279/1323/962 280/504/392 876/505/393
f 869/1388/1006 862/1387/1006 863/1386/1005 870/1385/1005
f 870/1385/1005 863/1386/1005 864/1390/1007 871/1389/1007
f 871/1389/1007 864/1390/1007 865/1392/1008 872/1391/1008
f 872/1391/1008 865/1392/1008 866/1394/1009 873/1393/1009
f 873/1393/1009 866/1394/1009 867/1396/1010 915/1395/1010
f 915/1395/1010 867/1396/1010 965/1381/1011 874/1397/1011
f 868/1399/1012 861/1398/1012 862/1387/1006 869/1388/1006
f 906/1403/1014 903/1402/1014 905/1401/1013 908/1400/1013
f 908/1400/1013 905/1401/1013 907/1405/1015 910/1404/1015
f 910/1404/1015 907/1405/1015 909/1407/1016 912/1406/1016
f 912/1406/1016 909/1407/1016 911/1409/1017 913/1408/1017
f 914/1411/1018 917/1410/1018 913/1408/1017 911/1409/1017
f 874/1397/1019 882/1412/1019 917/1410/1018 914/1411/1018
f 875/1414/1020 860/1413/1020 861/1398/1012 868/1399/1012
f 904/1416/1021 901/1415/1021 903/1402/1014 906/1403/1014
f 878/1417/1022 278/492/384 279/1323/962 877/1384/1004
f 879/1418/1023 277/490/382 278/492/384 878/1417/1022
f 880/1419/1024 276/488/380 277/490/382 879/1418/1023
f 881/1420/1025 275/486/378 276/488/380 880/1419/1024
f 916/1421/1026 272/483/375 275/486/378 881/1420/1025
f 882/1412/1027 273/482/374 272/483/375 916/1421/1026
f 902/1423/1028 900/1422/1028 901/1415/1021 904/1416/1021
f 921/1427/1030 955/1426/1030 957/1425/1029 922/1424/1029
f 886/1428/1031 280/504/392 279/1323/962 885/1324/963
f 887/1429/1032 271/503/391 280/504/392 886/1428/1031
f 922/1424/1029 957/1425/1029 958/1431/1033 929/1430/1033
f 929/1430/1033 958/1431/1033 962/1433/1034 930/1432/1034
f 930/1432/1034 962/1433/1034 963/1435/1035 945/1434/1035
f 945/1434/1035 963/1435/1035 970/1437/1036 947/1436/1036
f 947/1436/1036 970/1437/1036 971/481/1037 946/1438/1037
f 956/1440/1038 953/1439/1038 955/1426/1030 921/1427/1030
f 894/1441/1039 825/497/1039 826/494/965 893/1326/965
f 895/1442/1041 824/1322/1041 825/497/1040 894/1441/1040
f 896/1443/1042 829/1328/1042 824/1322/1041 895/1442/1041
f 897/1444/1043 830/1329/1043 829/1328/1042 896/1443/1042
f 898/1445/1044 831/1330/1044 830/1329/1043 897/1444/1043
f 946/1438/1045 832/1275/1045 831/1330/1044 898/1445/1044
f 954/1447/1046 952/1446/1046 953/1439/1038 956/1440/1038
f 868/1399/1048 901/1415/1048 900/1422/1047 875/1414/1047
f 883/502/1050 902/1423/1050 904/1416/1049 876/505/1049
f 869/1388/1051 903/1402/1051 901/1415/1048 868/1399/1048
f 876/505/1049 904/1416/1049 906/1403/1052 877/1384/1052
f 870/1385/1053 905/1401/1053 903/1402/1051 869/1388/1051
f 877/1384/1052 906/1403/1052 908/1400/1054 878/1417/1054
f 871/1389/1055 907/1405/1055 905/1401/1053 870/1385/1053
f 878/1417/1054 908/1400/1054 910/1404/1056 879/1418/1056
f 872/1391/1057 909/1407/1057 907/1405/1055 871/1389/1055
f 879/1418/1056 910/1404/1056 912/1406/1058 880/1419/1058
f 873/1393/1059 911/1409/1059 909/1407/1057 872/1391/1057
f 880/1419/1058 912/1406/1058 913/1408/1060 881/1420/1060
f 915/1395/1061 914/1411/1061 911/1409/1059 873/1393/1059
f 881/1420/1060 913/1408/1060 917/1410/1062 916/1421/1062
f 914/1411/1061 915/1395/1061 874/1397/1063
f 882/1412/1064 916/1421/1062 917/1410/1062
f 836/1335/1066 949/1350/1066 948/1363/1065 843/1349/1065
f 851/1365/1068 950/1364/1068 919/1351/1067 844/508/1067
f 837/1316/1069 918/1338/1069 949/1350/1066 836/1335/1066
f 844/508/1067 919/1351/1067 920/1339/1070 845/507/1070
f 838/1315/1071 951/1337/1071 918/1338/1069 837/1316/1069
f 845/507/1070 920/1339/1070 944/1336/1072 846/1353/1072
f 955/1426/1073 953/1439/1074 886/1428/1074 885/1324/1073
f 893/1326/1076 921/1427/1076 922/1424/1075 894/1441/1075
f 894/1441/1075 922/1424/1075 929/1430/1077 895/1442/1077
f 853/509/1079 960/1369/1079 959/1382/1078 852/1366/1078
f 860/1413/1081 923/1383/1081 925/1370/1080 861/1398/1080
f 854/506/1082 924/1368/1082 960/1369/1079 853/509/1079
f 861/1398/1080 925/1370/1080 926/1367/1083 862/1387/1083
f 855/1352/1084 961/1372/1084 924/1368/1082 854/506/1082
f 862/1387/1083 926/1367/1083 928/1371/1085 863/1386/1085
f 856/1354/1086 927/1374/1086 961/1372/1084 855/1352/1084
f 863/1386/1085 928/1371/1085 932/1373/1087 864/1390/1087
f 895/1442/1077 929/1430/1077 930/1432/1088 896/1443/1088
f 896/1443/1088 930/1432/1088 945/1434/1089 897/1444/1089
f 857/1356/1090 931/1376/1090 927/1374/1086 856/1354/1086
f 864/1390/1087 932/1373/1087 934/1375/1091 865/1392/1091
f 858/1358/1092 933/1378/1092 931/1376/1090 857/1356/1090
f 865/1392/1091 934/1375/1091 936/1377/1093 866/1394/1093
f 859/1360/1094 935/1380/1094 933/1378/1092 858/1358/1092
f 866/1394/1093 936/1377/1093 937/1379/1095 867/1396/1095
f 964/1362/1096 935/1380/1094 859/1360/1094
f 867/1396/1095 937/1379/1095 965/1381/1097
f 938/1334/1099 939/1347/1098 842/1320/1098
f 850/1361/1101 967/1346/1101 966/1348/1100
f 842/1320/1098 939/1347/1098 968/1345/1102 841/1319/1102
f 849/1359/1103 940/1344/1103 967/1346/1101 850/1361/1101
f 841/1319/1102 968/1345/1102 969/1343/1104 840/1318/1104
f 848/1357/1105 941/1342/1105 940/1344/1103 849/1359/1103
f 840/1318/1104 969/1343/1104 943/1341/1106 839/1317/1106
f 847/1355/1107 942/1340/1107 941/1342/1105 848/1357/1105
f 839/1317/1106 943/1341/1106 951/1337/1071 838/1315/1071
f 846/1353/1072 944/1336/1072 942/1340/1107 847/1355/1107
f 891/484/1109 970/1437/1109 963/1435/1108 890/487/1108
f 897/1444/1089 945/1434/1089 947/1436/1110 898/1445/1110
f 971/481/1111 970/1437/1109 891/484/1109
f 898/1445/1110 947/1436/1110 946/1438/1112
f 954/1447/1113 956/1440/1114 892/1325/1114 899/1327/1113
f 428/692/522 163/736/564 946/737/565
f 273/695/525 428/692/522 946/737/565 971/1448/1115
f 964/1450/1117 966/1449/1116 428/692/522
f 938/1452/1119 401/1451/1118 428/692/522 966/1449/1116
f 874/693/523 965/1453/1120 964/1450/1117 428/692/522
f 834/1455/1122 401/1451/1118 938/1452/1119 835/1454/1121
f 288/1457/1123 401/1451/1118 834/1455/1122 833/1456/1123
f 956/1440/1114 921/1427/1076 893/1326/1076 892/1325/1114
f 885/1324/1073 884/493/1124 957/1425/1124 955/1426/1073
f 884/493/1124 888/491/1125 958/1431/1125 957/1425/1124
f 888/491/1125 889/489/1126 962/1433/1126 958/1431/1125
f 889/489/1126 890/487/1108 963/1435/1108 962/1433/1126
f 887/1461/1130 952/1460/1129 267/1459/1128 271/1458/1127
f 952/1446/1131 887/1429/1131 886/1428/1074 953/1439/1074
f 883/1463/1133 271/1458/1127 267/1459/1128 902/1462/1132
f 802/1467/1136 808/1466/1136 791/1465/1135 768/1464/1134
f 828/1471/1137 783/1470/1139 954/1469/1138 899/1468/1137
f 843/1475/1140 948/1474/1142 799/1473/1141 823/1472/1140
f 852/1479/1143 959/1478/1145 950/1477/1144 851/1476/1143
f 860/1483/1148 875/1482/1148 900/1481/1147 923/1480/1146
f 266/1485/1150 265/1484/1149 954/1469/1138 783/1470/1139
f 270/1487/1152 768/1464/1134 791/1465/1135 268/1486/1151
f 265/1484/1149 267/1459/1128 952/1460/1129 954/1469/1138
f 902/1462/1132 267/1459/1128 923/1480/1146 900/1481/1147
f 791/1465/1135 799/1473/1141 948/1474/1142 268/1486/1151
f 923/1480/1146 267/1459/1128 950/1477/1144 959/1478/1145
f 948/1474/1142 950/1477/1144 267/1459/1128 268/1486/1151

v 71.64262390136719 26.24090003967285 79.408203125
v 85.92150115966797 26.27249908447266 79.48361206054688
v 71.87747955322266 33.17288208007812 79.55213928222656
v 85.90605926513672 33.20643615722656 79.437255859375
v 85.80332183837891 33.04664611816406 80.36726379394531
v 85.84823608398438 26.35622978210449 80.36906433105469
v 71.86599731445312 26.37106323242188 80.37669372558594
v 71.94853210449219 33.04736709594727 80.37167358398438
v -6.46487188339233 41.53028106689453 62.91104507446289
v 19.55678749084473 41.50530242919922 63.02134704589844
v 19.43976974487305 41.3873291015625 70.49336242675781
v -6.38203811645508 41.53028106689453 70.55680847167969
v -6.32093191146851 42.01236724853516 70.33767700195312
v -6.30264902114868 42.01236724853516 63.19920349121094
v 19.29990386962891 41.95404052734375 63.09809494018555
v 19.51459312438965 41.96282958984375 70.35240173339844
v 64.14066314697266 49.74057769775391 -18.15244293212891
v 64.17485046386719 40.28037261962891 -11.89487552642822
v 92.27223205566406 49.73056030273438 -18.26114273071289
v 92.21609497070312 40.31003570556641 -11.90634346008301
v 92.11454010009766 50.12261962890625 -17.65299224853516
v 92.02695465087891 40.95885467529297 -11.41047477722168
v 64.25991821289062 40.91366958618164 -11.40134048461914
v 64.27772521972656 50.19836807250977 -17.62238693237305
v 91.45151519775391 39.76923370361328 0.71816599369049
v 84.806884765625 39.77859497070312 0.68614798784256
v 84.84020233154297 39.75635528564453 -9.55770587921143
v 91.38618469238281 39.79971313476562 -9.5422306060791
v 83.88852691650391 39.74340057373047 -9.58600616455078
v 65.43043518066406 39.78312683105469 -9.50575160980225
v 73.14116668701172 39.85875701904297 -9.41200160980225
v 72.04280853271484 39.77681732177734 -9.50713539123535
v 71.86823272705078 39.79267883300781 0.7323340177536
v 65.49099731445312 39.75300598144531 0.73377197980881
v 83.96613311767578 39.73780059814453 0.7131000161171
v 73.22348785400391 39.73968505859375 0.75211000442505
v 65.72328186035156 40.85714721679688 0.65687698125839
v 65.58779907226562 40.79338073730469 -9.4466495513916
v 71.92194366455078 40.80907440185547 -9.45929145812988
v 71.92414855957031 40.81829833984375 0.6195120215416
v 73.40113067626953 40.85618591308594 0.65666002035141
v 73.36158752441406 40.88044738769531 -9.33655166625977
v 83.86632537841797 40.85877990722656 -9.38831043243408
v 83.90982818603516 40.79347229003906 0.64615797996521
v 85.03264617919922 40.88350677490234 -9.37618446350098
v 91.35490417480469 40.83209991455078 -9.41115474700928
v 91.33950805664062 40.84521484375 0.60886400938034
v 85.03437805175781 40.82825469970703 0.68905502557755
v 65.23325347900391 39.71768188476562 1.52858197689056
v 65.1865234375 39.76955413818359 14.99658107757568
v 84.29069519042969 39.74049377441406 1.68447196483612
v 84.31578826904297 39.72308349609375 14.85906410217285
v 65.25823211669922 41.09288024902344 14.62996578216553
v 65.29426574707031 41.12432098388672 2.02652311325073
v 83.9456787109375 41.11098480224609 1.8286600112915
v 84.06766510009766 40.97903442382812 14.55954456329346
# 56 vertices

vn -0.98770421743393 0.02045611292124 0.15499003231525
vn 0.00024347343424 -0.99353992938995 0.11348296701908
vn 0.99536234140396 0.00483219977468 0.09607543051243
vn -0.00050927494885 0.98704844713211 0.16042147576809
vn 0.00043213169556 0.00051039271057 0.99999976158142
vn -0.97548449039459 0.22003376483917 0.00389153882861
vn 0.00107925874181 0.3481682240963 -0.93743145465851
vn 0.98026919364929 0.19755390286446 -0.00668722670525
vn 0.00199663010426 0.32703882455826 0.94500881433487
vn 0.00209816009738 0.99999761581421 -0.00063124694861
vn -0.00028192909667 0.80084407329559 -0.59887284040451
vn -0.98833709955215 0.08371277153492 0.12720848619938
vn 0.00111105083488 -0.61089366674423 0.79171186685562
vn 0.97413229942322 0.12154603749514 0.19050677120686
vn 0.00089188828133 0.55982059240341 0.82861340045929
vn 0.0037824655883 0.05037331953645 0.99872326850891
vn 0.9977799654007 0.06655784696341 -0.00226707756519
vn 0.99930846691132 0.03671950101852 -0.00584867922589
vn -0.98177897930145 0.19002228975296 -0.00127329409588
vn -0.00132577307522 0.14286361634731 -0.98974150419235
vn -0.00942716281861 0.12461043149233 -0.99216097593308
vn -0.00115141947754 0.05250802263618 -0.99861985445023
vn -0.98359525203705 0.18016178905964 0.00905876327306
vn -0.98292076587677 0.18388283252716 0.00733750266954
vn 0.99945265054703 0.03199262917042 0.00842088274658
vn 0.00299175526015 0.08876623213291 0.99604797363281
vn 0.00256903935224 0.07421409338713 0.99723899364471
vn 0.00188468559645 0.99999177455902 -0.00359720108099
vn 0.00402430538088 0.99998199939728 0.00445089302957
vn 0.00275186658837 0.99999403953552 0.00209674122743
vn -0.99879431724548 0.04898829013109 -0.00317999301478
vn -0.00088313501328 0.22186475992203 -0.97507703304291
vn 0.0063907681033 0.25008627772331 0.96820247173309
vn 0.97567248344421 0.21919317543507 -0.00418446306139
vn 0.00341616221704 0.99997365474701 0.00640121195465
# 35 normals

vt 0.46065300703049 0.59722799062729 0
vt 0.45863300561905 0.59748703241348 0
vt 0.4582299888134 0.61381900310516 0
vt 0.46065300703049 0.61420804262161 0
vt 0.61269497871399 0.67026102542877 0
vt 0.64764201641083 0.67026102542877 0
vt 0.64708298444748 0.66808301210403 0
vt 0.61286497116089 0.66808301210403 0
vt 0.59504401683807 0.97896200418472 0
vt 0.59722000360489 0.97877097129822 0
vt 0.59733098745346 0.96239900588989 0
vt 0.59504401683807 0.96198999881744 0
vt 0.37883201241493 0.32675302028656 0
vt 0.37680101394653 0.32659602165222 0
vt 0.37680101394653 0.36093008518219 0
vt 0.37910801172256 0.36065697669983 0
vt 0.44092500209808 0.65434700250626 0
vt 0.45729899406433 0.65434700250626 0
vt 0.45729899406433 0.6204360127449 0
vt 0.44092500209808 0.6204360127449 0
vt 0.01580400019884 0.84841799736023 0
vt 0.01580400019884 0.82970601320267 0
vt 0.0145619995892 0.83041596412659 0
vt 0.01461299974471 0.84788596630096 0
vt 0.40866500139236 0.83222198486328 0
vt 0.40866500139236 0.76854002475739 0
vt 0.40755099058151 0.76916700601578 0
vt 0.40729001164436 0.83182597160339 0
vt 0.45729899406433 0.6905130147934 0
vt 0.45729899406433 0.67222398519516 0
vt 0.45588499307632 0.67259204387665 0
vt 0.45603001117706 0.69035601615906 0
vt 0.46171799302101 0.84815400838852 0
vt 0.46316799521446 0.84797704219818 0
vt 0.46301400661469 0.78477799892426 0
vt 0.46171799302101 0.78492200374603 0
vt 0.14204999804497 0.96120899915695 0
vt 0.14204999804497 0.97867900133133 0
vt 0.20471000671387 0.97867900133133 0
vt 0.20471000671387 0.96120899915695 0
vt 0.13363499939442 0.41664505004883 0
vt 0.13195399940014 0.41631805896759 0
vt 0.13195399940014 0.4851690530777 0
vt 0.13368900120258 0.48477303981781 0
vt 0.42359501123428 0.76567196846008 0
vt 0.42359501123428 0.79343199729919 0
vt 0.42529401183128 0.79365003108978 0
vt 0.4254350066185 0.76629900932312 0
vt 0.82840299606323 0.79851400852203 0
vt 0.82840299606323 0.86713999509811 0
vt 0.83033502101898 0.86692798137665 0
vt 0.8303689956665 0.79897701740265 0
vt 0.00869200006127 0.54041802883148 0
vt 0.00869200006127 0.56822603940964 0
vt 0.01060899998993 0.56759202480316 0
vt 0.01047000009567 0.54045903682709 0
vt 0.2090979963541 0.52416700124741 0
vt 0.2090979963541 0.49681508541107 0
vt 0.14096899330616 0.49681508541107 0
vt 0.14096899330616 0.52416700124741 0
vt 0.44052800536156 0.85402297973633 0
vt 0.44052800536156 0.83775997161865 0
vt 0.43795898556709 0.83831298351288 0
vt 0.43788200616837 0.85374402999878 0
vt 0.4412359893322 0.81046199798584 0
vt 0.4412359893322 0.83557599782944 0
vt 0.44388198852539 0.83529698848724 0
vt 0.44376501441002 0.8107750415802 0
vt 0.44723701477051 0.80790501832962 0
vt 0.44723701477051 0.78269499540329 0
vt 0.44464901089668 0.78286600112915 0
vt 0.44450598955154 0.8074209690094 0
vt 0.45970100164413 0.64187902212143 0
vt 0.46233001351357 0.64186501502991 0
vt 0.46233001351357 0.61679804325104 0
vt 0.45953199267387 0.61724799871445 0
vt 0.44556000828743 0.85402297973633 0
vt 0.44556000828743 0.83800601959229 0
vt 0.44301199913025 0.83806002140045 0
vt 0.4427689909935 0.85353201627731 0
vt 0.59539800882339 0.83694005012512 0
vt 0.59539800882339 0.8632470369339 0
vt 0.59816998243332 0.8631579875946 0
vt 0.59791201353073 0.83745098114014 0
vt 0.01288400031626 0.53371000289917 0
vt 0.01288400031626 0.54989099502563 0
vt 0.01541300024837 0.54959100484848 0
vt 0.01536200009286 0.53409200906754 0
vt 0.6037939786911 0.52290499210358 0
vt 0.6037939786911 0.54796499013901 0
vt 0.60629600286484 0.54782801866531 0
vt 0.60655498504639 0.52309602499008 0
vt 0.60882198810577 0.523088991642 0
vt 0.60882198810577 0.54796499013901 0
vt 0.61138099431992 0.54780799150467 0
vt 0.6115859746933 0.52334803342819 0
vt 0.37596300244331 0.36433005332947 0
vt 0.37596300244331 0.38939607143402 0
vt 0.37847700715065 0.38911700248718 0
vt 0.37850600481033 0.36445200443268 0
vt 0.45309698581696 0.61756199598312 0
vt 0.45562198758125 0.61741101741791 0
vt 0.45562198758125 0.60180300474167 0
vt 0.45291700959206 0.6023890376091 0
vt 0.38358199596405 0.36362707614899 0
vt 0.38099399209023 0.36349105834961 0
vt 0.38099399209023 0.38978505134583 0
vt 0.38373601436615 0.38934898376465 0
vt 0.20700900256634 0.9787780046463 0
vt 0.23173800110817 0.9787780046463 0
vt 0.23173800110817 0.96360599994659 0
vt 0.20700900256634 0.96360599994659 0
vt 0.23817099630833 0.52464199066162 0
vt 0.23816099762917 0.50018298625946 0
vt 0.2124519944191 0.50016903877258 0
vt 0.2124519944191 0.52473104000092 0
vt 0.43122300505638 0.61878001689911 0
vt 0.43122300505638 0.60330700874329 0
vt 0.4065859913826 0.60334903001785 0
vt 0.4065859913826 0.61878001689911 0
vt 0.6029400229454 0.61094099283218 0
vt 0.6359030008316 0.61094099283218 0
vt 0.63466900587082 0.60769402980804 0
vt 0.60382598638535 0.60769402980804 0
vt 0.46316799521446 0.69135099649429 0
vt 0.46316799521446 0.64470899105072 0
vt 0.45979401469231 0.64554798603058 0
vt 0.45951700210571 0.69119399785995 0
vt 0.55302798748016 0.48192298412323 0
vt 0.55302798748016 0.48508298397064 0
vt 0.59984701871872 0.48508298397064 0
vt 0.59984701871872 0.48172199726105 0
vt 0.62584102153778 0.54880303144455 0
vt 0.62584102153778 0.51656299829483 0
vt 0.62270897626877 0.51730000972748 0
vt 0.62238097190857 0.54845499992371 0
vt 0.4071229994297 0.6669499874115 0
vt 0.43796500563622 0.6669499874115 0
vt 0.43801298737526 0.62091600894928 0
vt 0.4071229994297 0.62091600894928 0
# 140 texture coordinates

o RetopoGroup2
usemtl Default
f 972/1491/1153 978/1490/1153 979/1489/1153 974/1488/1153
f 977/1495/1154 978/1494/1154 972/1493/1154 973/1492/1154
f 975/1499/1155 976/1498/1155 977/1497/1155 973/1496/1155
f 976/1503/1156 975/1502/1156 974/1501/1156 979/1500/1156
f 979/1507/1157 978/1506/1157 977/1505/1157 976/1504/1157
f 984/1511/1158 985/1510/1158 980/1509/1158 983/1508/1158
f 985/1515/1159 986/1514/1159 981/1513/1159 980/1512/1159
f 986/1519/1160 987/1518/1160 982/1517/1160 981/1516/1160
f 984/1523/1161 983/1522/1161 982/1521/1161 987/1520/1161
f 987/1527/1162 986/1526/1162 985/1525/1162 984/1524/1162
f 992/1531/1163 990/1530/1163 988/1529/1163 995/1528/1163
f 994/1535/1164 995/1534/1164 988/1533/1164 989/1532/1164
f 993/1539/1165 994/1538/1165 989/1537/1165 991/1536/1165
f 992/1543/1166 993/1542/1166 991/1541/1166 990/1540/1166
f 995/1547/1167 994/1546/1167 993/1545/1167 992/1544/1167
f 1018/1551/1168 1019/1550/1168 997/1549/1168 996/1548/1168
f 1017/1555/1169 1018/1554/1169 996/1553/1169 999/1552/1169
f 1014/1559/1170 1015/1558/1170 1006/1557/1170 1000/1556/1170
f 1016/1563/1171 998/1562/1171 997/1561/1171 1019/1560/1171
f 1016/1567/1172 1017/1566/1172 999/1565/1172 998/1564/1172
f 1013/1571/1173 1014/1570/1173 1000/1569/1173 1002/1568/1173
f 1009/1575/1174 1010/1574/1174 1003/1573/1174 1001/1572/1174
f 1008/1579/1175 1009/1578/1175 1001/1577/1175 1005/1576/1175
f 1012/1583/1176 1013/1582/1176 1002/1581/1176 1007/1580/1176
f 1010/1587/1177 1011/1586/1177 1004/1585/1177 1003/1584/1177
f 1008/1591/1178 1005/1590/1178 1004/1589/1178 1011/1588/1178
f 1012/1595/1179 1007/1594/1179 1006/1593/1179 1015/1592/1179
f 1011/1599/1180 1010/1598/1180 1009/1597/1180 1008/1596/1180
f 1015/1603/1181 1014/1602/1181 1013/1601/1181 1012/1600/1181
f 1019/1607/1182 1018/1606/1182 1017/1605/1182 1016/1604/1182
f 1024/1611/1183 1025/1610/1183 1020/1609/1183 1021/1608/1183
f 1025/1615/1184 1026/1614/1184 1022/1613/1184 1020/1612/1184
f 1024/1619/1185 1021/1618/1185 1023/1617/1185 1027/1616/1185
f 1026/1623/1186 1027/1622/1186 1023/1621/1186 1022/1620/1186
f 1027/1627/1187 1026/1626/1187 1025/1625/1187 1024/1624/1187

v 93.44354248046875 -37.87071990966797 59.0763053894043
v 91.13385009765625 -37.87071228027344 64.76350402832031
v 85.44666290283203 -37.87070465087891 67.17936706542969
v 79.75732421875 -37.87070465087891 64.76564025878906
v 77.44548797607422 -37.87070465087891 59.0763053894043
v 79.85279846191406 -37.87073516845703 53.48243713378906
v 85.44666290283203 -37.8707275390625 51.16420745849609
v 91.03837585449219 -37.87071990966797 53.48458480834961
v 93.31956481933594 -43.00274658203125 59.0763053894043
v 91.04652404785156 -43.00274658203125 64.67617797851562
v 85.44666290283203 -43.00274658203125 67.05540466308594
v 79.84464263916016 -43.00274658203125 64.67832946777344
v 77.56942749023438 -43.00274658203125 59.0763053894043
v 79.94013214111328 -43.00274658203125 53.56975936889648
v 85.44666290283203 -43.00274658203125 51.28855133056641
v 90.9510498046875 -43.00274658203125 53.57191467285156
v 93.44354248046875 -38.51222229003906 59.0763053894043
v 93.44354248046875 -39.15372467041016 59.0763053894043
v 93.44354248046875 -42.36124420166016 59.0763053894043
v 91.13385009765625 -38.51222229003906 64.76350402832031
v 91.13385009765625 -39.15373992919922 64.76350402832031
v 91.13385009765625 -42.36126708984375 64.76350402832031
v 85.44666290283203 -38.51222229003906 67.17936706542969
v 85.44666290283203 -39.15372467041016 67.17936706542969
v 85.44666290283203 -42.36124420166016 67.17936706542969
v 79.75732421875 -38.51222229003906 64.76564025878906
v 79.75732421875 -39.15372467041016 64.76564025878906
v 79.75732421875 -42.36125183105469 64.76564025878906
v 77.44548797607422 -38.51222229003906 59.0763053894043
v 77.44548797607422 -39.15372467041016 59.0763053894043
v 77.44548797607422 -42.36124420166016 59.0763053894043
v 79.85279846191406 -38.51226806640625 53.48243713378906
v 79.85279846191406 -39.15378570556641 53.48243713378906
v 79.85279846191406 -42.36129760742188 53.48243713378906
v 85.44666290283203 -38.51222229003906 51.16420745849609
v 85.44666290283203 -39.15373229980469 51.16420745849609
v 85.44666290283203 -42.36124420166016 51.16420745849609
v 91.03837585449219 -38.51222991943359 53.48458480834961
v 91.03837585449219 -39.15373229980469 53.48458480834961
v 82.86076354980469 -44.62401580810547 55.02483749389648
v 91.03837585449219 -42.36124420166016 53.48458480834961
v 80.66532135009766 -44.62401580810547 58.24868011474609
v 81.78183746337891 -44.62401580810547 62.65061187744141
v 84.96017456054688 -44.62401580810547 64.00444030761719
v 85.16572570800781 -44.62401580810547 53.548095703125
v 89.06018829345703 -44.62401580810547 63.2852668762207
v 88.41658020019531 -44.62401580810547 54.62324905395508
v 90.37040710449219 -44.62401580810547 59.68429565429688
# 48 vertices

vn -0.57234978675842 -0.60175997018814 0.55704641342163
vn -0.70927089452744 -0.09519942104816 0.69847822189331
vn 0.00022689990874 -0.09559083729982 0.9954206943512
vn -0.01242676377296 -0.5873396396637 0.80924516916275
vn 0.70949691534042 -0.09521307051182 0.69824683666229
vn 0.57173013687134 -0.58438354730606 0.57586508989334
vn 0.99538832902908 -0.09538238495588 -0.01021112687886
vn 0.80622714757919 -0.59160357713699 -0.00173767353408
vn 0.70254349708557 0 -0.7116407752037
vn 0.99994778633118 0 -0.0102176181972
vn 0.99994778633118 0 -0.0102176098153
vn 0.00023187632905 0 -1
vn -0.70231294631958 0 -0.71186828613281
vn -0.99994784593582 0 -0.01021335832775
vn -0.71248632669449 0 0.70168596506119
vn 0.00022710578924 0 1
vn 0.0002271138801 0 1
vn 0.71271324157715 0 0.70145547389984
vn 0.71271330118179 0 0.70145547389984
vn -0.79250741004944 -0.60921943187714 -0.02799372188747
vn -0.99538969993591 -0.09536888450384 -0.01020654477179
vn -0.57046508789062 -0.57124900817871 -0.59012216329575
vn -0.69911295175552 -0.09504523128271 -0.70866602659225
vn -0.02114207670093 -0.54884707927704 -0.83565533161163
vn 0.00023195325048 -0.09540955722332 -0.99543809890747
vn 0.5620236992836 -0.5774137377739 -0.59221851825714
vn 0.69934356212616 -0.09504839032888 -0.70843803882599
vn 0.00022713816725 0 1
vn -0.99994784593582 0 -0.01021335087717
vn 0.00023190051434 0 -1
vn -0.15175761282444 -0.97496062517166 -0.16254676878452
vn 0.25555872917175 -0.96678787469864 0.00331504759379
vn 0.2367747426033 -0.93392533063889 -0.26780807971954
vn -0.02658850699663 -0.91708546876907 -0.39780315756798
vn -0.31286028027534 -0.94942080974579 -0.02680697292089
vn -0.23424112796783 -0.94630205631256 0.22280812263489
vn -0.01140411850065 -0.9650793671608 0.26170942187309
vn 0.23923100531101 -0.9378245472908 0.25150266289711
# 38 normals

vt 0.8063600063324 0.79812204837799 0
vt 0.80779898166656 0.79742205142975 0
vt 0.7961660027504 0.78526496887207 0
vt 0.79553800821304 0.78675496578217 0
vt 0.7793300151825 0.78537499904633 0
vt 0.77982699871063 0.7868880033493 0
vt 0.76760798692703 0.79742205142975 0
vt 0.76902997493744 0.79815196990967 0
vt 0.7406280040741 0.8103940486908 0
vt 0.74219799041748 0.8103940486908 0
vt 0.74219799041748 0.79550099372864 0
vt 0.7406280040741 0.79550099372864 0
vt 0.7406280040741 0.82521104812622 0
vt 0.74219799041748 0.82521104812622 0
vt 0.7406280040741 0.84002900123596 0
vt 0.74219799041748 0.84002900123596 0
vt 0.74062699079514 0.85493505001068 0
vt 0.74219799041748 0.85493505001068 0
vt 0.74062699079514 0.86996400356293 0
vt 0.74219697713852 0.86996400356293 0
vt 0.74062699079514 0.88508903980255 0
vt 0.74219799041748 0.88508903980255 0
vt 0.7406280040741 0.90021300315857 0
vt 0.74219799041748 0.90021300315857 0
vt 0.7406280040741 0.91523498296738 0
vt 0.74219799041748 0.91523498296738 0
vt 0.80605298280716 0.81368201971054 0
vt 0.8075670003891 0.81419003009796 0
vt 0.79512202739716 0.82451403141022 0
vt 0.7957050204277 0.82594901323318 0
vt 0.7797759771347 0.82472097873688 0
vt 0.77900898456573 0.82611501216888 0
vt 0.76910799741745 0.81356704235077 0
vt 0.76758700609207 0.81405198574066 0
vt 0.74376797676086 0.91523498296738 0
vt 0.74376797676086 0.90021300315857 0
vt 0.75161802768707 0.91523498296738 0
vt 0.75161802768707 0.90021300315857 0
vt 0.74376797676086 0.8103940486908 0
vt 0.74376797676086 0.79550099372864 0
vt 0.75161802768707 0.8103940486908 0
vt 0.75161802768707 0.79550099372864 0
vt 0.74376702308655 0.88508903980255 0
vt 0.75161701440811 0.88508903980255 0
vt 0.74376702308655 0.86996400356293 0
vt 0.75161701440811 0.86996400356293 0
vt 0.74376702308655 0.85493505001068 0
vt 0.75161701440811 0.85493505001068 0
vt 0.74376797676086 0.84002900123596 0
vt 0.75161802768707 0.84002900123596 0
vt 0.74376797676086 0.82521104812622 0
vt 0.75161802768707 0.82521104812622 0
vt 0.78971499204636 0.81769400835037 0
vt 0.77700102329254 0.79983699321747 0
vt 0.77675902843475 0.81313902139664 0
vt 0.7830970287323 0.81877303123474 0
vt 0.79747200012207 0.8122730255127 0
vt 0.79899501800537 0.80110800266266 0
vt 0.79330199956894 0.79486203193665 0
vt 0.78332901000977 0.7929949760437 0
# 60 texture coordinates

o cylinder1_default
usemtl Default
f 1038/1631/1191 1052/1630/1190 1055/1629/1189 1039/1628/1188
f 1037/1633/1193 1049/1632/1192 1052/1630/1190 1038/1631/1191
f 1036/1635/1195 1046/1634/1194 1049/1632/1192 1037/1633/1193
f 1028/1639/1198 1044/1638/1197 1065/1637/1196 1035/1636/1196
f 1035/1636/1196 1065/1637/1196 1062/1641/1199 1034/1640/1199
f 1034/1640/1199 1062/1641/1199 1059/1643/1200 1033/1642/1200
f 1033/1642/1200 1059/1643/1200 1056/1645/1201 1032/1644/1201
f 1032/1644/1201 1056/1645/1201 1053/1647/1202 1031/1646/1202
f 1031/1646/1202 1053/1647/1202 1050/1649/1204 1030/1648/1203
f 1030/1648/1203 1050/1649/1204 1047/1651/1206 1029/1650/1205
f 1029/1650/1205 1047/1651/1206 1044/1653/1197 1028/1652/1198
f 1039/1628/1188 1055/1629/1189 1058/1655/1208 1040/1654/1207
f 1040/1654/1207 1058/1655/1208 1061/1657/1210 1041/1656/1209
f 1041/1656/1209 1061/1657/1210 1064/1659/1212 1042/1658/1211
f 1042/1658/1211 1064/1659/1212 1068/1661/1214 1043/1660/1213
f 1043/1660/1213 1068/1661/1214 1046/1634/1194 1036/1635/1195
f 1044/1653/1197 1047/1651/1206 1048/1663/1206 1045/1662/1197
f 1045/1662/1197 1048/1663/1206 1049/1665/1192 1046/1664/1194
f 1045/1667/1197 1066/1666/1196 1065/1637/1196 1044/1638/1197
f 1046/1669/1194 1068/1668/1214 1066/1666/1196 1045/1667/1197
f 1047/1651/1206 1050/1649/1204 1051/1670/1215 1048/1663/1206
f 1048/1663/1206 1051/1670/1215 1052/1671/1190 1049/1665/1192
f 1050/1649/1204 1053/1647/1202 1054/1672/1202 1051/1670/1215
f 1051/1670/1215 1054/1672/1202 1055/1673/1189 1052/1671/1190
f 1053/1647/1202 1056/1645/1201 1057/1674/1216 1054/1672/1202
f 1054/1672/1202 1057/1674/1216 1058/1675/1208 1055/1673/1189
f 1056/1645/1201 1059/1643/1200 1060/1676/1200 1057/1674/1216
f 1057/1674/1216 1060/1676/1200 1061/1677/1210 1058/1675/1208
f 1059/1643/1200 1062/1641/1199 1063/1678/1217 1060/1676/1200
f 1060/1676/1200 1063/1678/1217 1064/1679/1212 1061/1677/1210
f 1062/1641/1199 1065/1637/1196 1066/1666/1196 1063/1678/1217
f 1063/1678/1217 1066/1666/1196 1068/1668/1214 1064/1679/1212
f 1072/1683/1221 1074/1682/1220 1075/1681/1219 1067/1680/1218
f 1041/1656/1209 1042/1658/1211 1072/1683/1221 1067/1680/1218
f 1040/1654/1207 1041/1656/1209 1067/1680/1218 1069/1684/1222
f 1039/1628/1188 1040/1654/1207 1069/1684/1222 1070/1685/1223
f 1038/1631/1191 1039/1628/1188 1070/1685/1223 1071/1686/1224
f 1037/1633/1193 1038/1631/1191 1071/1686/1224 1073/1687/1225
f 1043/1660/1213 1074/1682/1220 1072/1683/1221 1042/1658/1211
f 1036/1635/1195 1037/1633/1193 1073/1687/1225 1075/1681/1219
f 1036/1635/1195 1075/1681/1219 1074/1682/1220 1043/1660/1213
f 1073/1687/1225 1071/1686/1224 1067/1680/1218 1075/1681/1219
f 1070/1685/1223 1069/1684/1222 1067/1680/1218 1071/1686/1224

v -77.44535064697266 -37.87071990966797 59.0777473449707
v -79.68502044677734 -37.87071228027344 64.69334411621094
v -85.30091857910156 -37.87070465087891 67.16661071777344
v -91.0615234375 -37.87070465087891 64.83583068847656
v -93.44342041015625 -37.87070465087891 59.07485961914062
v -90.96501922607422 -37.8707275390625 53.41123199462891
v -85.30091857910156 -37.8707275390625 51.17695999145508
v -79.77946472167969 -37.87071990966797 53.55577087402344
v -77.53085327148438 -42.92704772949219 59.07648849487305
v -79.75262451171875 -42.95003509521484 64.62413024902344
v -85.30075836181641 -42.99598693847656 67.04608154296875
v -90.9481201171875 -43.05013275146484 64.72221374511719
v -93.26393890380859 -43.06833648681641 59.07344055175781
v -90.85214996337891 -43.04860687255859 53.52323913574219
v -85.30081939697266 -42.99659729003906 51.29780197143555
v -79.84726715087891 -42.95086669921875 53.62536239624023
v -77.44535827636719 -38.51222229003906 59.0777473449707
v -77.44535064697266 -39.15372467041016 59.07775115966797
v -77.44535064697266 -42.34770202636719 59.0777587890625
v -79.68502044677734 -38.51222229003906 64.69334411621094
v -79.68502044677734 -39.15373992919922 64.69334411621094
v -79.68502044677734 -42.35169982910156 64.69334411621094
v -85.30091857910156 -38.51222229003906 67.16661071777344
v -85.30091857910156 -39.15373229980469 67.16661071777344
v -85.30092620849609 -42.36002349853516 67.16661071777344
v -91.06150817871094 -38.51222229003906 64.83583068847656
v -91.06150817871094 -39.15372467041016 64.83583068847656
v -91.06150817871094 -42.37081146240234 64.83583068847656
v -93.44342041015625 -38.51222229003906 59.07485961914062
v -93.44342041015625 -39.15372467041016 59.07485961914062
v -93.44342041015625 -42.37479400634766 59.07485580444336
v -90.96501922607422 -38.51226806640625 53.41123199462891
v -90.96501922607422 -39.15378570556641 53.41123199462891
v -90.96501922607422 -42.370849609375 53.41122817993164
v -85.30091857910156 -38.51222229003906 51.17695999145508
v -85.30091857910156 -39.15372467041016 51.17695999145508
v -85.30091857910156 -42.36002349853516 51.17695999145508
v -79.77946472167969 -38.51222991943359 53.55577087402344
v -79.77946472167969 -39.15372467041016 53.55577087402344
v -87.88678741455078 -44.62403106689453 55.02482986450195
v -79.77946472167969 -42.35169219970703 53.55577087402344
v -90.08225250244141 -44.62403106689453 58.24868011474609
v -88.96572875976562 -44.62403106689453 62.65061187744141
v -85.78739166259766 -44.62403106689453 64.00445556640625
v -85.58184051513672 -44.62403106689453 53.5480842590332
v -81.6873779296875 -44.62403106689453 63.28527450561523
v -82.33099365234375 -44.62403106689453 54.62324523925781
v -80.37715148925781 -44.62403106689453 59.68429565429688
# 48 vertices

vn 0.57831919193268 -0.55740422010422 -0.59569066762924
vn 0.24951228499413 -0.92885780334473 -0.27380058169365
vn 0.26992672681808 -0.96287500858307 0.00335824606009
vn 0.82627665996552 -0.56326174736023 -0.00176890974399
vn 0.25287684798241 -0.93241381645203 0.25818172097206
vn 0.58857953548431 -0.56343322992325 0.57975602149963
vn -0.00836433377117 -0.54734200239182 -0.83686721324921
vn -0.02046903036535 -0.91605496406555 -0.40053009986877
vn -0.00600323732942 -0.96502035856247 0.26210623979568
vn 0.00120610988233 -0.58741194009781 0.80928719043732
vn -0.2222583591938 -0.95035839080811 0.21776163578033
vn -0.55321562290192 -0.62377083301544 0.5521434545517
vn -0.29734030365944 -0.95442467927933 -0.02573413588107
vn -0.76859527826309 -0.63916647434235 -0.02697251923382
vn -0.14581081271172 -0.97622287273407 -0.16039998829365
vn -0.55341511964798 -0.59131467342377 -0.58658218383789
vn 0.01540851034224 -0.09579356759787 -0.99528193473816
vn 0.70712512731552 -0.08148255944252 -0.70237785577774
vn 0.70953589677811 0.00000103854006 -0.70466929674149
vn 0.01553731039166 0.00000014915337 -0.99987930059433
vn 0.70953583717346 -0.0000003060149 -0.70466935634613
vn 0.01553721446544 0 -0.99987930059433
vn -0.68955415487289 -0.11250998079777 -0.71544152498245
vn -0.69398748874664 0.00000027819456 -0.71998709440231
vn -0.69398748874664 0 -0.71998703479767
vn -0.99253535270691 -0.12152668833733 -0.01023839507252
vn -0.99994778633118 0.00000007156914 -0.01022040098906
vn -0.99994778633118 -0.00000298595546 -0.01022065896541
vn -0.69994533061981 -0.11326088756323 0.7051585316658
vn -0.70442163944244 0.00000006303581 0.70978176593781
vn -0.70442163944244 -0.00000417926094 0.70978170633316
vn 0.01501264143735 -0.0961177945137 0.99525672197342
vn 0.01518595032394 -0.00000001044034 0.99988466501236
vn 0.01518617663532 -0.00000120105369 0.99988466501236
vn 0.71706491708756 -0.08165602385998 0.69220679998398
vn 0.71949309110641 0.00000177796426 0.69449955224991
vn 0.71949332952499 0.00000029750191 0.69449931383133
vn 0.99994790554047 0.00000295182303 -0.01020925305784
vn 0.99702054262161 -0.07645453512669 -0.01023724675179
vn 0.99994790554047 -0.00000000928696 -0.01020946912467
vn 0.99994790554047 -0.00000593441246 -0.01020953338593
vn 0.71949332952499 -0.00000298375539 0.69449931383133
vn 0.01518628001213 -0.00000240210693 0.99988466501236
vn -0.70442181825638 -0.00000835852279 0.70978158712387
vn -0.99994778633118 -0.00000597190956 -0.01022094860673
vn 0.70953583717346 -0.00000293967742 -0.70466935634613
# 46 normals

vt 0.80646902322769 0.84158003330231 0
vt 0.79892700910568 0.84192401170731 0
vt 0.79866099357605 0.85518896579742 0
vt 0.80649000406265 0.8567950129509 0
vt 0.79236102104187 0.86201000213623 0
vt 0.79584497213364 0.86802101135254 0
vt 0.79596799612045 0.8303650021553 0
vt 0.7926059961319 0.83628296852112 0
vt 0.78238499164581 0.86017799377441 0
vt 0.780209004879 0.86826699972153 0
vt 0.7766569852829 0.85395300388336 0
vt 0.76923102140427 0.85701900720596 0
vt 0.77816998958588 0.84275996685028 0
vt 0.76942199468613 0.84131503105164 0
vt 0.78597098588943 0.83734202384949 0
vt 0.7805370092392 0.83038699626923 0
vt 0.73425799608231 0.72148001194 0
vt 0.71954500675201 0.72148001194 0
vt 0.71954500675201 0.72929501533508 0
vt 0.73425799608231 0.72929501533508 0
vt 0.71954500675201 0.73087000846863 0
vt 0.73425799608231 0.73087000846863 0
vt 0.74915999174118 0.72148001194 0
vt 0.74915999174118 0.72929501533508 0
vt 0.74915999174118 0.73087000846863 0
vt 0.76428997516632 0.72148001194 0
vt 0.76428997516632 0.72930198907852 0
vt 0.76428997516632 0.73087000846863 0
vt 0.77954697608948 0.72148001194 0
vt 0.77954697608948 0.72930198907852 0
vt 0.77954697608948 0.73087000846863 0
vt 0.79475498199463 0.72148001194 0
vt 0.79475498199463 0.72929501533508 0
vt 0.79475498199463 0.73087000846863 0
vt 0.80977302789688 0.72148001194 0
vt 0.80977302789688 0.72929501533508 0
vt 0.80977302789688 0.73087000846863 0
vt 0.70487302541733 0.72929501533508 0
vt 0.70487302541733 0.72148001194 0
vt 0.70487302541733 0.73087000846863 0
vt 0.8245689868927 0.72148001194 0
vt 0.8245689868927 0.72929501533508 0
vt 0.8245689868927 0.73086303472519 0
vt 0.80775797367096 0.85745799541473 0
vt 0.80779898166656 0.84102201461792 0
vt 0.79647302627563 0.82886803150177 0
vt 0.7797799706459 0.82886803150177 0
vt 0.76777797937393 0.84063100814819 0
vt 0.76760798692703 0.85755097866058 0
vt 0.8245689868927 0.73243802785873 0
vt 0.80977302789688 0.73243802785873 0
vt 0.79475498199463 0.73243802785873 0
vt 0.77954697608948 0.73243802785873 0
vt 0.76428997516632 0.73243802785873 0
vt 0.74915999174118 0.73243802785873 0
vt 0.73425799608231 0.73243802785873 0
vt 0.71954500675201 0.73243802785873 0
vt 0.70487302541733 0.73243802785873 0
vt 0.79630202054977 0.86942398548126 0
vt 0.77950000762939 0.86967200040817 0
# 60 texture coordinates

o cylinder1_default_copy1
usemtl Default
f 1084/1691/1229 1123/1690/1228 1122/1689/1227 1091/1688/1226
f 1084/1691/1229 1085/1693/1231 1121/1692/1230 1123/1690/1228
f 1091/1688/1226 1122/1689/1227 1120/1695/1233 1090/1694/1232
f 1085/1693/1231 1086/1697/1235 1119/1696/1234 1121/1692/1230
f 1086/1697/1235 1087/1699/1237 1118/1698/1236 1119/1696/1234
f 1087/1699/1237 1088/1701/1239 1117/1700/1238 1118/1698/1236
f 1088/1701/1239 1089/1703/1241 1115/1702/1240 1117/1700/1238
f 1089/1703/1241 1090/1694/1232 1120/1695/1233 1115/1702/1240
f 1120/1695/1233 1122/1689/1227 1123/1690/1228 1115/1702/1240
f 1111/1707/1245 1114/1706/1244 1116/1705/1243 1112/1704/1242
f 1110/1709/1247 1113/1708/1246 1114/1706/1244 1111/1707/1245
f 1108/1711/1249 1111/1707/1245 1112/1704/1242 1109/1710/1248
f 1107/1712/1250 1110/1709/1247 1111/1707/1245 1108/1711/1249
f 1105/1714/1252 1108/1711/1249 1109/1710/1248 1106/1713/1251
f 1104/1715/1253 1107/1712/1250 1108/1711/1249 1105/1714/1252
f 1102/1717/1255 1105/1714/1252 1106/1713/1251 1103/1716/1254
f 1101/1718/1256 1104/1715/1253 1105/1714/1252 1102/1717/1255
f 1099/1720/1258 1102/1717/1255 1103/1716/1254 1100/1719/1257
f 1098/1721/1259 1101/1718/1256 1102/1717/1255 1099/1720/1258
f 1096/1723/1261 1099/1720/1258 1100/1719/1257 1097/1722/1260
f 1095/1724/1262 1098/1721/1259 1099/1720/1258 1096/1723/1261
f 1094/1726/1264 1116/1705/1243 1114/1706/1244 1093/1725/1263
f 1093/1725/1263 1114/1706/1244 1113/1708/1246 1092/1727/1265
f 1093/1729/1263 1096/1723/1261 1097/1722/1260 1094/1728/1264
f 1092/1730/1265 1095/1724/1262 1096/1723/1261 1093/1729/1263
f 1091/1688/1226 1116/1732/1243 1094/1731/1264 1084/1691/1229
f 1090/1694/1232 1112/1733/1242 1116/1732/1243 1091/1688/1226
f 1089/1703/1241 1109/1734/1248 1112/1733/1242 1090/1694/1232
f 1088/1701/1239 1106/1735/1251 1109/1734/1248 1089/1703/1241
f 1087/1699/1237 1103/1736/1254 1106/1735/1251 1088/1701/1239
f 1077/1738/1267 1095/1724/1262 1092/1730/1265 1076/1737/1266
f 1078/1739/1268 1098/1721/1259 1095/1724/1262 1077/1738/1267
f 1079/1740/1269 1101/1718/1256 1098/1721/1259 1078/1739/1268
f 1080/1741/1270 1104/1715/1253 1101/1718/1256 1079/1740/1269
f 1081/1742/1250 1107/1712/1250 1104/1715/1253 1080/1741/1270
f 1082/1743/1247 1110/1709/1247 1107/1712/1250 1081/1742/1250
f 1083/1744/1271 1113/1708/1246 1110/1709/1247 1082/1743/1247
f 1076/1745/1266 1092/1727/1265 1113/1708/1246 1083/1744/1271
f 1084/1691/1229 1094/1731/1264 1097/1746/1260 1085/1693/1231
f 1085/1693/1231 1097/1746/1260 1100/1747/1257 1086/1697/1235
f 1086/1697/1235 1100/1747/1257 1103/1736/1254 1087/1699/1237
f 1121/1692/1230 1119/1696/1234 1115/1702/1240 1123/1690/1228
f 1118/1698/1236 1117/1700/1238 1115/1702/1240 1119/1696/1234

v 93.44795989990234 -37.87071990966797 -59.216796875
v 91.1083984375 -37.87071228027344 -53.55460357666016
v 85.44664764404297 -37.87070465087891 -51.16421127319336
v 79.78276824951172 -37.87070465087891 -53.55246734619141
v 77.44106292724609 -37.87070465087891 -59.216796875
v 79.82771301269531 -37.8707275390625 -64.83604431152344
v 85.44666290283203 -37.8707275390625 -67.17898559570312
v 91.06346893310547 -37.87071990966797 -64.83389282226562
v 93.32277679443359 -43.00511169433594 -59.21673202514648
v 91.02810668945312 -42.98391723632812 -53.63545989990234
v 85.44716644287109 -42.97579956054688 -51.27486419677734
v 79.86315155029297 -42.98330688476562 -53.63277053833008
v 77.56625366210938 -43.00518035888672 -59.21685409545898
v 79.92193603515625 -43.02140045166016 -64.74221801757812
v 85.44625854492188 -43.02703094482422 -67.04098510742188
v 90.96918487548828 -43.02127838134766 -64.74021911621094
v 93.44795989990234 -38.51222229003906 -59.216796875
v 93.44795989990234 -39.15372467041016 -59.216796875
v 93.44795989990234 -42.36167144775391 -59.216796875
v 91.1083984375 -38.51222229003906 -53.55460357666016
v 91.1083984375 -39.15373992919922 -53.55460357666016
v 91.1083984375 -42.35785675048828 -53.55460357666016
v 85.44664764404297 -38.51222229003906 -51.16421127319336
v 85.44664764404297 -39.15372467041016 -51.16421127319336
v 85.44664001464844 -42.35639953613281 -51.16421127319336
v 79.78276824951172 -38.51222229003906 -53.55246734619141
v 79.78276824951172 -39.15372467041016 -53.55246734619141
v 79.78276824951172 -42.35783386230469 -53.55247116088867
v 77.44106292724609 -38.51222229003906 -59.216796875
v 77.44106292724609 -39.15372467041016 -59.216796875
v 77.44106292724609 -42.36167144775391 -59.216796875
v 79.82771301269531 -38.51226806640625 -64.83604431152344
v 79.82772064208984 -39.15378570556641 -64.83604431152344
v 79.82772064208984 -42.36471557617188 -64.83604431152344
v 85.44667053222656 -38.51222229003906 -67.17898559570312
v 85.44667053222656 -39.15372467041016 -67.17898559570312
v 85.44666290283203 -42.36605072021484 -67.17898559570312
v 91.06346130371094 -38.51222991943359 -64.83389282226562
v 91.06346130371094 -39.15372467041016 -64.83389282226562
v 82.86076354980469 -44.62403106689453 -63.26823043823242
v 91.06346130371094 -42.36465454101562 -64.83389282226562
v 80.66530609130859 -44.62403106689453 -60.04437637329102
v 81.78182983398438 -44.62403106689453 -55.6424446105957
v 84.96017456054688 -44.62403106689453 -54.28860855102539
v 85.16572570800781 -44.62403106689453 -64.74496459960938
v 89.06018829345703 -44.62403106689453 -55.00778961181641
v 88.41658020019531 -44.62403106689453 -63.66981506347656
v 90.37040710449219 -44.62403106689453 -58.6087646484375
# 48 vertices

vn 0.56059187650681 -0.58505254983902 -0.58604627847672
vn 0.2340933829546 -0.93613487482071 -0.26239624619484
vn 0.25565418601036 -0.9667534828186 0.00534889800474
vn 0.8061637878418 -0.59168303012848 0.00333396391943
vn 0.24154867231846 -0.93575936555862 0.25692138075829
vn 0.5726113319397 -0.57708960771561 0.58230912685394
vn -0.02076802402735 -0.55975151062012 -0.82840019464493
vn -0.02603730931878 -0.92063719034195 -0.38954997062683
vn -0.01164220273495 -0.96358293294907 0.2671560049057
vn -0.01265117805451 -0.57747095823288 0.81631320714951
vn -0.23601689934731 -0.94476068019867 0.22742742300034
vn -0.57304549217224 -0.59535562992096 0.56317901611328
vn -0.31216233968735 -0.94972652196884 -0.02396280504763
vn -0.79204475879669 -0.61003828048706 -0.02276877313852
vn -0.14987608790398 -0.9757878780365 -0.15929584205151
vn -0.56883519887924 -0.578977227211 -0.58413350582123
vn 0.00021947881032 -0.10141698271036 -0.99484395980835
vn 0.70147401094437 -0.09946741163731 -0.70571982860565
vn 0.70500355958939 -0.00000012351279 -0.70920377969742
vn 0.00023131088528 -0.00000062497321 -1
vn 0.70500361919403 -0.00000148551703 -0.70920366048813
vn 0.00023138352844 -0.000001256254 -1
vn -0.70125126838684 -0.09938868135214 -0.70595228672028
vn -0.70477294921875 -0.00000197844133 -0.70943289995193
vn -0.70477312803268 -0.00000272323177 -0.70943278074265
vn -0.99540627002716 -0.09561839699745 -0.00484611233696
vn -0.99998843669891 -0.00000154674171 -0.00481275701895
vn -0.99998843669891 -0.000001485094 -0.00481249811128
vn -0.70667570829391 -0.09095502644777 0.70166701078415
vn -0.70958679914474 -0.0000000803515 0.70461803674698
vn -0.7095867395401 0 0.70461809635162
vn 0.00024216140446 -0.08942112326622 0.99599385261536
vn 0.00022723438451 -0.00000014385436 1
vn 0.0002274284634 0 1
vn 0.70690715312958 -0.09097046405077 0.70143181085587
vn 0.70981389284134 -0.00000012440404 0.70438921451569
vn 0.70981395244598 0 0.70438915491104
vn 0.99998843669891 0 -0.00481411302462
vn 0.99540197849274 -0.09566364437342 -0.00483768153936
vn 0.99998843669891 -0.00000148359391 -0.00481395144016
vn 0.99998843669891 -0.00000296718736 -0.00481378939003
vn -0.70958667993546 0 0.70461809635162
vn -0.99998843669891 0 -0.00481236027554
vn -0.70477324724197 -0.00000125260283 -0.70943266153336
vn 0.00023126241285 -0.00000127265832 -1
vn 0.70500367879868 -0.00000297103452 -0.70920366048813
# 46 normals

vt 0.76924097537994 0.90014499425888 0
vt 0.77692598104477 0.89965498447418 0
vt 0.77709597349167 0.88635098934174 0
vt 0.76911002397537 0.88470101356506 0
vt 0.78338700532913 0.87948399782181 0
vt 0.77986699342728 0.87342202663422 0
vt 0.78000497817993 0.91127401590347 0
vt 0.7833080291748 0.90525996685028 0
vt 0.79336202144623 0.88127702474594 0
vt 0.79553198814392 0.87322402000427 0
vt 0.79909402132034 0.88746899366379 0
vt 0.80638802051544 0.88444799184799 0
vt 0.79765599966049 0.89864498376846 0
vt 0.80626797676086 0.89997500181198 0
vt 0.78992801904678 0.90412801504135 0
vt 0.79540300369263 0.91094702482224 0
vt 0.75403499603271 0.88524603843689 0
vt 0.75403499603271 0.9001430273056 0
vt 0.76189798116684 0.9001430273056 0
vt 0.76189798116684 0.88524603843689 0
vt 0.76346600055695 0.9001430273056 0
vt 0.76346600055695 0.88524603843689 0
vt 0.75403499603271 0.87034702301025 0
vt 0.7618910074234 0.87034702301025 0
vt 0.76346600055695 0.87034702301025 0
vt 0.7540420293808 0.8554060459137 0
vt 0.7618910074234 0.8554060459137 0
vt 0.76346600055695 0.8554060459137 0
vt 0.75404900312424 0.84040600061417 0
vt 0.7618910074234 0.8404049873352 0
vt 0.76345902681351 0.8404049873352 0
vt 0.75405597686768 0.82536196708679 0
vt 0.7618910074234 0.82536196708679 0
vt 0.76345902681351 0.82536196708679 0
vt 0.75404900312424 0.81032204627991 0
vt 0.7618910074234 0.8103209733963 0
vt 0.76345902681351 0.8103209733963 0
vt 0.76189798116684 0.91507697105408 0
vt 0.7540420293808 0.91507697105408 0
vt 0.76346600055695 0.91507697105408 0
vt 0.75403499603271 0.7953280210495 0
vt 0.7618910074234 0.79532700777054 0
vt 0.76345902681351 0.79532700777054 0
vt 0.76768398284912 0.88397800922394 0
vt 0.76768398284912 0.90065002441406 0
vt 0.77922797203064 0.91272002458572 0
vt 0.79601502418518 0.91242003440857 0
vt 0.80777102708817 0.9005960226059 0
vt 0.80779898166656 0.88386899232864 0
vt 0.76502799987793 0.79532700777054 0
vt 0.76502799987793 0.8103209733963 0
vt 0.76503497362137 0.82536101341248 0
vt 0.76503497362137 0.8404049873352 0
vt 0.76503497362137 0.8554060459137 0
vt 0.76503497362137 0.87034702301025 0
vt 0.76503497362137 0.88524603843689 0
vt 0.76503497362137 0.9001430273056 0
vt 0.76503497362137 0.91507697105408 0
vt 0.7793790102005 0.87194901704788 0
vt 0.79613101482391 0.87179201841354 0
# 60 texture coordinates

o cylinder1_default_copy2
usemtl Default
f 1132/1751/1275 1171/1750/1274 1170/1749/1273 1139/1748/1272
f 1132/1751/1275 1133/1753/1277 1169/1752/1276 1171/1750/1274
f 1139/1748/1272 1170/1749/1273 1168/1755/1279 1138/1754/1278
f 1133/1753/1277 1134/1757/1281 1167/1756/1280 1169/1752/1276
f 1134/1757/1281 1135/1759/1283 1166/1758/1282 1167/1756/1280
f 1135/1759/1283 1136/1761/1285 1165/1760/1284 1166/1758/1282
f 1136/1761/1285 1137/1763/1287 1163/1762/1286 1165/1760/1284
f 1137/1763/1287 1138/1754/1278 1168/1755/1279 1163/1762/1286
f 1168/1755/1279 1170/1749/1273 1171/1750/1274 1163/1762/1286
f 1159/1767/1291 1162/1766/1290 1164/1765/1289 1160/1764/1288
f 1158/1769/1293 1161/1768/1292 1162/1766/1290 1159/1767/1291
f 1156/1771/1295 1159/1767/1291 1160/1764/1288 1157/1770/1294
f 1155/1772/1296 1158/1769/1293 1159/1767/1291 1156/1771/1295
f 1153/1774/1298 1156/1771/1295 1157/1770/1294 1154/1773/1297
f 1152/1775/1299 1155/1772/1296 1156/1771/1295 1153/1774/1298
f 1150/1777/1301 1153/1774/1298 1154/1773/1297 1151/1776/1300
f 1149/1778/1302 1152/1775/1299 1153/1774/1298 1150/1777/1301
f 1147/1780/1304 1150/1777/1301 1151/1776/1300 1148/1779/1303
f 1146/1781/1305 1149/1778/1302 1150/1777/1301 1147/1780/1304
f 1144/1783/1307 1147/1780/1304 1148/1779/1303 1145/1782/1306
f 1143/1784/1308 1146/1781/1305 1147/1780/1304 1144/1783/1307
f 1142/1786/1310 1164/1765/1289 1162/1766/1290 1141/1785/1309
f 1141/1785/1309 1162/1766/1290 1161/1768/1292 1140/1787/1311
f 1141/1789/1309 1144/1783/1307 1145/1782/1306 1142/1788/1310
f 1140/1790/1311 1143/1784/1308 1144/1783/1307 1141/1789/1309
f 1139/1748/1272 1164/1792/1289 1142/1791/1310 1132/1751/1275
f 1138/1754/1278 1160/1793/1288 1164/1792/1289 1139/1748/1272
f 1137/1763/1287 1157/1794/1294 1160/1793/1288 1138/1754/1278
f 1136/1761/1285 1154/1795/1297 1157/1794/1294 1137/1763/1287
f 1135/1759/1283 1151/1796/1300 1154/1795/1297 1136/1761/1285
f 1125/1798/1308 1143/1784/1308 1140/1790/1311 1124/1797/1312
f 1126/1799/1305 1146/1781/1305 1143/1784/1308 1125/1798/1308
f 1127/1800/1313 1149/1778/1302 1146/1781/1305 1126/1799/1305
f 1128/1801/1314 1152/1775/1299 1149/1778/1302 1127/1800/1313
f 1129/1802/1315 1155/1772/1296 1152/1775/1299 1128/1801/1314
f 1130/1803/1316 1158/1769/1293 1155/1772/1296 1129/1802/1315
f 1131/1804/1317 1161/1768/1292 1158/1769/1293 1130/1803/1316
f 1124/1805/1312 1140/1787/1311 1161/1768/1292 1131/1804/1317
f 1132/1751/1275 1142/1791/1310 1145/1806/1306 1133/1753/1277
f 1133/1753/1277 1145/1806/1306 1148/1807/1303 1134/1757/1281
f 1134/1757/1281 1148/1807/1303 1151/1796/1300 1135/1759/1283
f 1169/1752/1276 1167/1756/1280 1163/1762/1286 1171/1750/1274
f 1166/1758/1282 1165/1760/1284 1163/1762/1286 1167/1756/1280

v -77.43654632568359 -37.87071990966797 -59.1784553527832
v -79.78962707519531 -37.87071228027344 -53.54560470581055
v -85.42172241210938 -37.87070465087891 -51.16638946533203
v -91.07677459716797 -37.8707275390625 -53.52298736572266
v -93.45127105712891 -37.87070465087891 -59.17886734008789
v -91.06987762451172 -37.87080383300781 -64.82748413085938
v -85.42168426513672 -37.8707275390625 -67.17716979980469
v -79.79619598388672 -37.87071990966797 -64.80453491210938
v -77.55815124511719 -42.99585723876953 -59.17855834960938
v -79.8616943359375 -42.96200561523438 -53.61893463134766
v -85.42078399658203 -42.95462799072266 -51.26591873168945
v -90.99877166748047 -42.9765625 -53.60086059570312
v -93.31931304931641 -43.01834869384766 -59.17926025390625
v -90.96373748779297 -43.03916168212891 -64.7220458984375
v -85.42233276367188 -43.04156494140625 -67.024658203125
v -79.89371490478516 -43.02686309814453 -64.70779418945312
v -77.43654632568359 -38.51222229003906 -59.17845153808594
v -77.43654632568359 -39.15372467041016 -59.1784553527832
v -77.43654632568359 -42.36013031005859 -59.17845153808594
v -79.78962707519531 -38.51224517822266 -53.54560470581055
v -79.78961944580078 -39.15377807617188 -53.54560852050781
v -79.78961944580078 -42.35388946533203 -53.54560852050781
v -85.42172241210938 -38.51222991943359 -51.16638946533203
v -85.42173004150391 -39.15372467041016 -51.16638946533203
v -85.42172241210938 -42.35251617431641 -51.16638946533203
v -91.07677459716797 -38.51225280761719 -53.52298736572266
v -91.07677459716797 -39.15375518798828 -53.52298736572266
v -91.07677459716797 -42.35665893554688 -53.52298355102539
v -93.45127105712891 -38.51222229003906 -59.17886734008789
v -93.45127105712891 -39.15372467041016 -59.17886734008789
v -93.45127105712891 -42.36397552490234 -59.17886734008789
v -91.06986999511719 -38.51233673095703 -64.82748413085938
v -91.06987762451172 -39.15381622314453 -64.82748413085938
v -91.06986999511719 -42.36872100830078 -64.82748413085938
v -85.42168426513672 -38.51222229003906 -67.17716979980469
v -85.42168426513672 -39.15373229980469 -67.17716979980469
v -85.42168426513672 -42.36953735351562 -67.17716979980469
v -79.79619598388672 -38.51222229003906 -64.80451965332031
v -79.79619598388672 -39.15372467041016 -64.80451965332031
v -88.00759887695312 -44.62403106689453 -63.23004913330078
v -79.79619598388672 -42.36583709716797 -64.80453491210938
v -90.20304870605469 -44.62403106689453 -60.00620269775391
v -89.08653259277344 -44.62403106689453 -55.60426712036133
v -85.90818786621094 -44.62403106689453 -54.25042724609375
v -85.70263671875 -44.62403106689453 -64.706787109375
v -81.80818176269531 -44.62403106689453 -54.96961212158203
v -82.45177459716797 -44.62403106689453 -63.63163375854492
v -80.49794769287109 -44.62403106689453 -58.57058715820312
# 48 vertices

vn 0.99999976158142 -0.00000007724643 -0.00071102188667
vn 0.70781350135803 -0.00000421881987 -0.70639938116074
vn 0.70781350135803 0.00000108884922 -0.70639932155609
vn 0.99999976158142 0.00000143937984 -0.00071124802344
vn 0.99557888507843 -0.0939262136817 -0.00077225628775
vn 0.70597070455551 -0.08573989570141 0.70303201675415
vn 0.70851683616638 0.00000032268179 0.70569396018982
vn 0.70851671695709 0.00000044515522 0.70569401979446
vn 0.80863922834396 -0.58826172351837 0.00712299207225
vn 0.70403188467026 -0.10256720334291 -0.70272260904312
vn 0.56117504835129 -0.58896672725677 -0.58155030012131
vn 0.0024022590369 -0.10891748219728 -0.99404788017273
vn -0.0187712777406 -0.56930047273636 -0.82191520929337
vn -0.70130008459091 -0.10734570771456 -0.7047376036644
vn -0.56433302164078 -0.58876156806946 -0.57869517803192
vn -0.99504822492599 -0.09938970208168 -0.00084888696438
vn -0.78830206394196 -0.61499464511871 -0.01901007257402
vn -0.70340770483017 -0.08927989751101 0.70515716075897
vn -0.57104831933975 -0.59312558174133 0.5675436258316
vn 0.99999976158142 -0.00000253249004 -0.00071077159373
vn 0.70851665735245 0.00000061897526 0.70569407939911
vn 0.00242937915027 -0.00000012129173 0.99999701976776
vn 0.00242947600782 0 0.99999701976776
vn -0.70617228746414 0.00000061808714 0.70803999900818
vn -0.70617228746414 0 0.70804005861282
vn -0.99999970197678 0.00000000012321 -0.00074831652455
vn -0.99999970197678 -0.0000029597486 -0.00074831652455
vn -0.7054255604744 0.00000000017409 -0.70878398418427
vn -0.7054255604744 -0.0000041822409 -0.70878398418427
vn 0.00245022424497 -0.00000296988492 -0.99999701976776
vn 0.00244992505759 -0.00000717797366 -0.99999701976776
vn 0.70781338214874 -0.00000905861543 -0.70639950037003
vn 0.57568603754044 -0.56842875480652 0.58777064085007
vn -0.01075025182217 -0.56944191455841 0.82196128368378
vn 0.00243342737667 -0.08409934490919 0.99645441770554
vn 0.00242934655398 0.00000003146372 0.99999701976776
vn -0.70617228746414 0.00000070744898 0.70803999900818
vn -0.99999970197678 0.00000124721157 -0.00074834073894
vn -0.7054255604744 0.00000167401265 -0.70878398418427
vn 0.00245023216121 0.00000108870745 -0.99999701976776
vn -0.147789478302 -0.97647780179977 -0.15700136125088
vn 0.25784561038017 -0.96616178750992 0.00685814907774
vn 0.234026953578 -0.93690931797028 -0.25967738032341
vn -0.02494226396084 -0.92271375656128 -0.38467812538147
vn -0.30923292040825 -0.9507320523262 -0.02199020050466
vn -0.23530422151089 -0.94430100917816 0.23005983233452
vn -0.01097080670297 -0.96244096755981 0.27126929163933
vn 0.24529276788235 -0.933374106884 0.2620005607605
# 48 normals

vt 0.5949649810791 0.51380503177643 0
vt 0.60989898443222 0.51380300521851 0
vt 0.60989600419998 0.51223301887512 0
vt 0.5949649810791 0.5122349858284 0
vt 0.71472299098968 0.50438803434372 0
vt 0.69978302717209 0.50440204143524 0
vt 0.69978302717209 0.51223301887512 0
vt 0.71472299098968 0.5122349858284 0
vt 0.69978302717209 0.51380300521851 0
vt 0.71472299098968 0.51380503177643 0
vt 0.78001898527145 0.75376200675964 0
vt 0.77861398458481 0.75303900241852 0
vt 0.77861398458481 0.76976597309113 0
vt 0.78009700775146 0.76914596557617 0
vt 0.79015100002289 0.78191101551056 0
vt 0.79081600904465 0.78034299612045 0
vt 0.8068500161171 0.78160405158997 0
vt 0.80631798505783 0.78002202510834 0
vt 0.81864702701569 0.76969802379608 0
vt 0.81718498468399 0.76897501945496 0
vt 0.81869900226593 0.75295102596283 0
vt 0.8172379732132 0.75342100858688 0
vt 0.71472299098968 0.51537501811981 0
vt 0.69978302717209 0.51537299156189 0
vt 0.684818983078 0.51380199193954 0
vt 0.684818983078 0.51537203788757 0
vt 0.66982698440552 0.51380002498627 0
vt 0.66982400417328 0.51537001132965 0
vt 0.65481197834015 0.51380002498627 0
vt 0.65481197834015 0.51537001132965 0
vt 0.63981002569199 0.51380002498627 0
vt 0.63981002569199 0.51537001132965 0
vt 0.62483900785446 0.51380199193954 0
vt 0.62483900785446 0.51537203788757 0
vt 0.60989898443222 0.51537299156189 0
vt 0.5949649810791 0.51537501811981 0
vt 0.79074800014496 0.74250400066376 0
vt 0.79028302431107 0.74107903242111 0
vt 0.80633699893951 0.74227899312973 0
vt 0.80701297521591 0.74096304178238 0
vt 0.60989600419998 0.50437200069427 0
vt 0.5949649810791 0.50438803434372 0
vt 0.684818983078 0.51223200559616 0
vt 0.684818983078 0.50440299510956 0
vt 0.66982698440552 0.51223003864288 0
vt 0.66982698440552 0.50439202785492 0
vt 0.65481197834015 0.51223003864288 0
vt 0.65481197834015 0.50437301397324 0
vt 0.63981002569199 0.51223003864288 0
vt 0.63981002569199 0.50436198711395 0
vt 0.62483900785446 0.51223200559616 0
vt 0.62483900785446 0.50436198711395 0
vt 0.80078798532486 0.77316200733185 0
vt 0.78796797990799 0.75538504123688 0
vt 0.78777599334717 0.76868903636932 0
vt 0.79415202140808 0.77429401874542 0
vt 0.80853700637817 0.7676659822464 0
vt 0.80996000766754 0.75646901130676 0
vt 0.80421698093414 0.75029098987579 0
vt 0.79424798488617 0.74852502346039 0
# 60 texture coordinates

o cylinder1_default_copy3
usemtl Default
f 1189/1811/1321 1210/1810/1320 1209/1809/1319 1188/1808/1318
f 1189/1815/1321 1192/1814/1324 1193/1813/1323 1190/1812/1322
f 1188/1817/1318 1191/1816/1325 1192/1814/1324 1189/1815/1321
f 1187/1821/1328 1212/1820/1327 1190/1819/1322 1180/1818/1326
f 1186/1823/1330 1208/1822/1329 1212/1820/1327 1187/1821/1328
f 1185/1825/1332 1205/1824/1331 1208/1822/1329 1186/1823/1330
f 1184/1827/1334 1202/1826/1333 1205/1824/1331 1185/1825/1332
f 1183/1829/1336 1199/1828/1335 1202/1826/1333 1184/1827/1334
f 1173/1831/1338 1191/1816/1325 1188/1817/1318 1172/1830/1337
f 1174/1833/1340 1194/1832/1339 1191/1816/1325 1173/1831/1338
f 1175/1835/1342 1197/1834/1341 1194/1832/1339 1174/1833/1340
f 1176/1837/1344 1200/1836/1343 1197/1834/1341 1175/1835/1342
f 1177/1839/1346 1203/1838/1345 1200/1836/1343 1176/1837/1344
f 1178/1841/1348 1206/1840/1347 1203/1838/1345 1177/1839/1346
f 1179/1842/1349 1209/1809/1319 1206/1840/1347 1178/1841/1348
f 1172/1843/1337 1188/1808/1318 1209/1809/1319 1179/1842/1349
f 1180/1818/1326 1190/1819/1322 1193/1845/1323 1181/1844/1350
f 1181/1844/1350 1193/1845/1323 1196/1847/1352 1182/1846/1351
f 1182/1846/1351 1196/1847/1352 1199/1828/1335 1183/1829/1336
f 1190/1849/1322 1212/1848/1327 1210/1810/1320 1189/1811/1321
f 1191/1816/1325 1194/1832/1339 1195/1850/1353 1192/1814/1324
f 1192/1814/1324 1195/1850/1353 1196/1851/1352 1193/1813/1323
f 1194/1832/1339 1197/1834/1341 1198/1852/1354 1195/1850/1353
f 1195/1850/1353 1198/1852/1354 1199/1853/1335 1196/1851/1352
f 1197/1834/1341 1200/1836/1343 1201/1854/1355 1198/1852/1354
f 1198/1852/1354 1201/1854/1355 1202/1855/1333 1199/1853/1335
f 1200/1836/1343 1203/1838/1345 1204/1856/1356 1201/1854/1355
f 1201/1854/1355 1204/1856/1356 1205/1857/1331 1202/1855/1333
f 1203/1838/1345 1206/1840/1347 1207/1858/1357 1204/1856/1356
f 1204/1856/1356 1207/1858/1357 1208/1859/1329 1205/1857/1331
f 1206/1840/1347 1209/1809/1319 1210/1810/1320 1207/1858/1357
f 1207/1858/1357 1210/1810/1320 1212/1848/1327 1208/1859/1329
f 1216/1863/1361 1218/1862/1360 1219/1861/1359 1211/1860/1358
f 1185/1825/1332 1186/1823/1330 1216/1863/1361 1211/1860/1358
f 1184/1827/1334 1185/1825/1332 1211/1860/1358 1213/1864/1362
f 1183/1829/1336 1184/1827/1334 1213/1864/1362 1214/1865/1363
f 1182/1846/1351 1183/1829/1336 1214/1865/1363 1215/1866/1364
f 1181/1844/1350 1182/1846/1351 1215/1866/1364 1217/1867/1365
f 1187/1821/1328 1218/1862/1360 1216/1863/1361 1186/1823/1330
f 1180/1818/1326 1181/1844/1350 1217/1867/1365 1219/1861/1359
f 1180/1818/1326 1219/1861/1359 1218/1862/1360 1187/1821/1328
f 1217/1867/1365 1215/1866/1364 1211/1860/1358 1219/1861/1359
f 1214/1865/1363 1213/1864/1362 1211/1860/1358 1215/1866/1364

